Familia profesional,Código QP,Cualificación Profesional,Nivel,Código Certificado,Certificado Profesional,Código y certificado
Actividades Físicas y Deportivas,AFD096_2,Socorrismo en instalaciones acuáticas,2,AFDP0109,Socorrismo en instalaciones acuáticas,AFDP0109 Socorrismo en instalaciones acuáticas
Actividades Físicas y Deportivas,AFD097_3,Acondicionamiento físico en sala de entrenamiento polivalente,3,AFDA0210,Acondicionamiento físico en sala de entrenamiento polivalente,AFDA0210 Acondicionamiento físico en sala de entrenamiento polivalente
Actividades Físicas y Deportivas,AFD159_2,Guía por itinerarios de baja y media montaña,2,AFDA0611,Guía por itinerarios de baja y media montaña,AFDA0611 Guía por itinerarios de baja y media montaña
Actividades Físicas y Deportivas,AFD162_3,Acondicionamiento físico en grupo con soporte musical,3,AFDA0110,Acondicionamiento físico en grupo con soporte musical,AFDA0110 Acondicionamiento físico en grupo con soporte musical
Actividades Físicas y Deportivas,AFD340_2,Socorrismo en espacios acuáticos naturales,2,AFDP0209,Socorrismo en espacios acuáticos naturales,AFDP0209 Socorrismo en espacios acuáticos naturales
Actividades Físicas y Deportivas,AFD341_3,Actividades de natación,3,AFDA0310,Actividades de natación,AFDA0310 Actividades de natación
Actividades Físicas y Deportivas,AFD500_1,Operaciones  auxiliares en la organización de actividades y funcionamiento de instalaciones deportivas,1,AFDA0511,Operaciones  auxiliares en la organización de actividades y funcionamiento de instalaciones deportivas,AFDA0511 Operaciones  auxiliares en la organización de actividades y funcionamiento de instalaciones deportivas
Actividades Físicas y Deportivas,AFD509_3,Animación físico-deportiva y recreativa,3,AFDA0211,Animación físico-deportiva y recreativa,AFDA0211 Animación físico-deportiva y recreativa
Actividades Físicas y Deportivas,AFD510_3,Animación físico-deportiva y recreativa para personas con discapacidad,3,AFDA0411,Animación físicodeportiva y recreativa para personas con discapacidad,AFDA0411 Animación físicodeportiva y recreativa para personas con discapacidad
Actividades Físicas y Deportivas,AFD539_3,Coordinación de servicios de socorrismo en instalaciones y espacios naturales acuáticos ,3,AFDP0211,Coordinación de servicios de socorrismo en instalaciones y espacios naturales acuáticos,AFDP0211 Coordinación de servicios de socorrismo en instalaciones y espacios naturales acuáticos
Actividades Físicas y Deportivas,AFD616_3,Instrucción en yoga,3,AFDA0311,Instrucción en yoga,AFDA0311 Instrucción en yoga
Administración y Gestión,ADG082_3,Gestión contable y de auditoría,3,ADGD0108,Gestión contable y gestión administrativa para auditoría,ADGD0108 Gestión contable y gestión administrativa para auditoría
Administración y Gestión,ADG084_3,Administración de recursos humanos,3,ADGD0208,Gestión integrada de recursos humanos,ADGD0208 Gestión integrada de recursos humanos
Administración y Gestión,ADG157_3,Gestión financiera,3,ADGN0108,Financiación de empresas,ADGN0108 Financiación de empresas
Administración y Gestión,ADG305_1,Operaciones auxiliares de servicios administrativos y generales ,1,ADGG0408,Operaciones auxiliares de servicios administrativos y generales,ADGG0408 Operaciones auxiliares de servicios administrativos y generales
Administración y Gestión,ADG306_1,Operaciones de grabación y tratamiento de datos y documentos  ,1,ADGG0508,Operaciones de grabación y tratamiento de datos y documentos,ADGG0508 Operaciones de grabación y tratamiento de datos y documentos
Administración y Gestión,ADG307_2,Actividades administrativas de recepción y relación con el cliente ,2,ADGG0208,Actividades administrativas en la relación con el cliente,ADGG0208 Actividades administrativas en la relación con el cliente
Administración y Gestión,ADG308_2,Actividades de gestión administrativa,2,ADGD0308,Actividades de gestión administrativa,ADGD0308 Actividades de gestión administrativa
Administración y Gestión,ADG309_3,Asistencia a la dirección,3,ADGG0108,Asistencia a la dirección,ADGG0108 Asistencia a la dirección
Administración y Gestión,ADG310_3,Asistencia documental y de gestión en despachos y oficinas,3,ADGG0308,Asistencia documental y de gestión en despachos y oficinas,ADGG0308 Asistencia documental y de gestión en despachos y oficinas
Administración y Gestión,ADG543_3,Asistencia en la gestión de los procedimientos tributarios,3,ADGD0110,Asistencia en la gestión de los procedimientos tributarios,ADGD0110 Asistencia en la gestión de los procedimientos tributarios
Administración y Gestión,ADG544_3,Creación y gestión de microempresas,3,ADGD0210,Creación y gestión de microempresas,ADGD0210 Creación y gestión de microempresas
Agraria,AGA002_2,Producción porcina intensiva ,2,"AGAP0108
AGAP0208","Producción porcina de reproducción y cría
Producción porcina de recría y cebo","AGAP0108 Producción porcina de reproducción y cría
AGAP0208 Producción porcina de recría y cebo"
Agraria ,AGA003_3,Jardinería y restauración del paisaje,3,AGAO0308,Jardinería y restauración del paisaje,AGAO0308 Jardinería y restauración del paisaje
Agraria,AGA163_1,Actividades auxiliares en agricultura,1,AGAX0208,Actividades auxiliares en agricultura,AGAX0208 Actividades auxiliares en agricultura
Agraria,AGA164_1,"Actividades auxiliares en viveros, jardines y centros de jardinería ",1,AGAO0108,"Actividades auxiliares en viveros, jardines y centros de jardinería","AGAO0108 Actividades auxiliares en viveros, jardines y centros de jardinería"
Agraria,AGA165_2,Cultivos herbáceos,2,AGAC0108,Cultivos herbáceos,AGAC0108 Cultivos herbáceos
Agraria,AGA166_2,Cultivos leñosos,2,AGAF0108,Fruticultura,AGAF0108 Fruticultura
Agraria,AGA167_2,Horticultura y floricultura,2,AGAH0108,Horticultura y floricultura,AGAH0108 Horticultura y floricultura
Agraria,AGA168_2,Instalación y mantenimiento de jardines y zonas verdes,2,AGAO0208,Instalación y mantenimiento de jardines y zonas verdes,AGAO0208 Instalación y mantenimiento de jardines y zonas verdes
Agraria,AGA169_3,Cría de caballos,3,AGAN0208,Cría de caballos,AGAN0208 Cría de caballos
Agraria,AGA224_1,Actividades auxiliares en ganadería,1,AGAX0108,Actividades auxiliares en ganadería,AGAX0108 Actividades auxiliares en ganadería
Agraria,AGA225_2,Agricultura ecológica,2,AGAU0108,Agricultura ecológica,AGAU0108 Agricultura ecológica
Agraria,AGA227_2,Ganadería ecológica,2,AGAN0108,Ganadería ecológica,AGAN0108 Ganadería ecológica
Agraria ,AGA228_3,Gestión de repoblaciones forestales y de tratamientos silvícolas ,3,AGAR0109,Gestión de repoblaciones forestales y de tratamientos silvícolas,AGAR0109 Gestión de repoblaciones forestales y de tratamientos silvícolas
Agraria,AGA342_1,Actividades auxiliares en floristería,1,AGAJ0108,Actividades auxiliares en floristería,AGAJ0108 Actividades auxiliares en floristería
Agraria,AGA343_2,Aprovechamientos forestales,2,AGAR0108,Aprovechamientos forestales,AGAR0108 Aprovechamientos forestales
Agraria,AGA345_2,Repoblaciones forestales y tratamientos silvícolas,2,AGAR0208,Repoblaciones forestales y tratamientos silvícolas,AGAR0208 Repoblaciones forestales y tratamientos silvícolas
Agraria ,AGA346_3,Gestión de la instalación y mantenimiento de céspedes en campos deportivos ,3,AGAJ0308,Gestión de la instalación y mantenimiento de céspedes en campos deportivos,AGAJ0308 Gestión de la instalación y mantenimiento de céspedes en campos deportivos
Agraria ,AGA347_3,Gestión de la producción agrícola,3,AGAU0208,Gestión de la producción agrícola,AGAU0208 Gestión de la producción agrícola
Agraria,AGA348_3,Gestión y mantenimiento de árboles y palmeras ornamentales,3,AGAJ0109,Gestión y mantenimiento de árboles y palmeras ornamentales,AGAJ0109 Gestión y mantenimiento de árboles y palmeras ornamentales
Agraria,AGA398_1,Actividades auxiliares en aprovechamientos forestales,1,AGAR0209,Actividades auxiliares en aprovechamientos forestales,AGAR0209 Actividades auxiliares en aprovechamientos forestales
Agraria ,AGA399_1,Actividades auxiliares en conservación y mejora de montes,1,AGAR0309,Actividades auxiliares en conservación y mejora de montes,AGAR0309 Actividades auxiliares en conservación y mejora de montes
Agraria,AGA457_2,Actividades de floristería,2,AGAJ0110,Actividades de floristería,AGAJ0110 Actividades de floristería
Agraria,AGA458_2,Mantenimiento y mejora del hábitat cinegético-piscícola,2,AGAR0111,Mantenimiento y mejora del hábitat cinegético-piscícola,AGAR0111 Mantenimiento y mejora del hábitat cinegético-piscícola
Agraria,AGA460_2,Producción de semillas y plantas en vivero,2,AGAU0110,Producción de semillas y plantas en vivero,AGAU0110 Producción de semillas y plantas en vivero
Agraria,AGA461_3,Arte floral y gestión de las actividades de floristería,3,AGAJ0208,Arte floral y gestión de las actividades de floristería,AGAJ0208 Arte floral y gestión de las actividades de floristería
Agraria ,AGA462_3,Gestión de aprovechamientos forestales,3,AGAR0110,Gestión de aprovechamientos forestales,AGAR0110 Gestión de aprovechamientos forestales
Agraria,AGA464_3,Gestión de la producción de semillas y plantas en vivero,3,AGAU0210,Gestión de la producción de semillas y plantas en vivero,AGAU0210 Gestión de la producción de semillas y plantas en vivero
Agraria,AGA465_3,Gestión de la producción ganadera,3,AGAN0311,Gestión de la producción ganadera,AGAN0311 Gestión de la producción ganadera
Agraria,AGA546_2,Apicultura,2,AGAN0211,Apicultura,AGAN0211 Apicultura
Agraria,AGA624_2,"Cuidados de animales salvajes, de zoológicos y acuarios",2,AGAN0312,"Cuidados de animales salvajes, de zoológicos y acuarios","AGAN0312 Cuidados de animales salvajes, de zoológicos y acuarios"
Artes Gráficas,ARG072_2,Impresión en offset,2,ARGI0109,Impresión en offset,ARGI0109 Impresión en offset
Artes Gráficas,ARG151_2,Impresión digital,2,ARGI0209,Impresión digital,ARGI0209 Impresión digital
Artes Gráficas,ARG219_3,Diseño de productos gráficos,3,ARGG0110,Diseño de productos gráficos,ARGG0110 Diseño de productos gráficos
Artes Gráficas,ARG291_2,Tratamiento y maquetación de elementos gráficosen preimpresión,2,ARGP0110,Tratamiento y maquetación de elementos gráficos en preimpresión,ARGP0110 Tratamiento y maquetación de elementos gráficos en preimpresión
Artes Gráficas,ARG292_3,Asistencia a la edición,3,ARGN0210,Asistencia a la edición,ARGN0210 Asistencia a la edición
Artes Gráficas,ARG417_2,Impresión en flexografía,2,ARGI0110,Impresión en flexografía,ARGI0110 Impresión en flexografía
Artes Gráficas,ARG418_2,Impresión en huecograbado,2,ARGI0210,Impresión en huecograbado,ARGI0210 Impresión en huecograbado
Artes Gráficas,ARG419_2,Impresión en serigrafía y tampografía,2,ARGI0310,Impresión en serigrafía y tampografía,ARGI0310 Impresión en serigrafía y tampografía
Artes Gráficas,ARG513_3,Gestión de la producción en encuadernación industrial,3,ARGC0112,Gestión de la producción en encuadernación industrial,ARGC0112 Gestión de la producción en encuadernación industrial
Artes Gráficas,ARG514_3,Gestión de la producción en procesos de impresión,3,ARGI0112,Gestión de la producción en procesos de impresión,ARGI0112 Gestión de la producción en procesos de impresión
Artes Gráficas,ARG515_3,Gestión de la producción en procesos de preimpresión,3,ARGP0112,Gestión de la producción en procesos de preimpresión,ARGP0112 Gestión de la producción en procesos de preimpresión
Artes Gráficas,ARG516_3,"Gestión de la producción en transformados de papel, cartón y otros soportes gráficos",3,ARGT0112,"Gestión de la producción en transformados de papel, cartón y otros soportes gráficos","ARGT0112 Gestión de la producción en transformados de papel, cartón y otros soportes gráficos"
Comercio y Marketing,COM085_2,Actividades de venta,2,COMV0108,Actividades de venta,COMV0108 Actividades de venta
Comercio y Marketing,COM086_3,Gestión administrativa y financiera del comercio internacional,3,COMT0210,Gestión administrativa y financiera del comercio internacional,COMT0210 Gestión administrativa y financiera del comercio internacional
Comercio y Marketing,COM087_3,"Atención al cliente, consumidor o usuario",3,COMT0110,"Atención al cliente, consumidor o usuario","COMT0110 Atención al cliente, consumidor o usuario"
Comercio y Marketing,COM088_3,Tráfico de mercancías por carretera,3,COML0109,Tráfico de mercancías por carretera,COML0109 Tráfico de mercancías por carretera
Comercio y Marketing,COM158_3,Implantación y animación de espacios comerciales,3,COMP0108,Implantación y animación de espacios comerciales,COMP0108 Implantación y animación de espacios comerciales
Comercio y Marketing,COM312_3,Asistencia a la investigación de mercados,3,COMM0111,Asistencia a la investigación de mercados,COMM0111 Asistencia a la investigación de mercados
Comercio y Marketing,COM313_3,Control y formación en consumo,3,COMT0311,Control y formación en consumo,COMT0311 Control y formación en consumo
Comercio y Marketing,COM314_3,Gestión comercial de ventas,3,COMT0411,Gestión comercial de ventas,COMT0411 Gestión comercial de ventas
Comercio y Marketing,COM315_3,Gestión y control del aprovisionamiento,3,COML0210,Gestión y control del aprovisionamiento,COML0210 Gestión y control del aprovisionamiento
Comercio y Marketing,COM316_3,Marketing y compraventa internacional,3,COMM0110,Marketing y compraventa internacional,COMM0110 Marketing y compraventa internacional
Comercio y Marketing,COM317_3,Organización del transporte y la distribución,3,COML0209,Organización del transporte y la distribución,COML0209 Organización del transporte y la distribución
Comercio y Marketing,COM318_3,Organización y gestión de almacenes,3,COML0309,Organización y gestión de almacenes,COML0309 Organización y gestión de almacenes
Comercio y Marketing,COM411_1,Actividades auxiliares de almacén,1,COML0110,Actividades auxiliares de almacén,COML0110 Actividades auxiliares de almacén
Comercio y Marketing,COM412_1,Actividades auxiliares de comercio,1,COMT0211,Actividades auxiliares de comercio,COMT0211 Actividades auxiliares de comercio
Comercio y Marketing,COM623_3,Tráfico de viajeros por carretera,3,COML0111,Tráfico de viajeros por carretera,COML0111 Tráfico de viajeros por carretera
Comercio y Marketing,COM631_2,Actividades de gestión del pequeño comercio,2,COMT0112,Actividades de gestión del pequeño comercio,COMT0112 Actividades de gestión del pequeño comercio
Comercio y Marketing,COM650_3,Gestión comercial inmobiliaria,3,COMT0111,Gestión comercial inmobiliaria,COMT0111 Gestión comercial inmobiliaria
Comercio y Marketing,COM651_3,Gestión comercial y financiera del transporte por carretera,3,COML0211,Gestión comercial y financiera del transporte por carretera,COML0211 Gestión comercial y financiera del transporte por carretera
Comercio y Marketing,COM652_3,Gestión de marketing y comunicación,3,COMM0112,Gestión de marketing y comunicación,COMM0112 Gestión de marketing y comunicación
Edificación y Obra Civil,EOC052_2,Fábricas de albañilería,2,EOCB0108,Fábricas de albañilería,EOCB0108 Fábricas de albañilería
Edificación y Obra Civil,EOC201_3,Representación de proyectos de edificación,3,EOCO0108,Representación de proyectos de edificación,EOCO0108 Representación de proyectos de edificación
Edificación y Obra Civil,EOC202_3,Representación de proyectos de obra civil,3,EOCO0208,Representación de proyectos de obra civil,EOCO0208 Representación de proyectos de obra civil
Edificación y Obra Civil,EOC271_1,Operaciones auxiliares de albañilería de fábricas y cubiertas,1,EOCB0208,Operaciones auxiliares de albañilería de fábricas y cubiertas,EOCB0208 Operaciones auxiliares de albañilería de fábricas y cubiertas
Edificación y Obra Civil,EOC272_1,Operaciones auxiliares de revestimientos continuos en construcción ,1,EOCB0109,Operaciones auxiliares de revestimientos continuos en construcción,EOCB0109 Operaciones auxiliares de revestimientos continuos en construcción
Edificación y Obra Civil,EOC273_3,Control de proyectos y obras de construcción,3,EOCO0109,Control de proyectos y obras de construcción,EOCO0109 Control de proyectos y obras de construcción
Edificación y Obra Civil,EOC274_3,Levantamientos y replanteos,3,EOCE0109,Levantamientos y replanteos,EOCE0109 Levantamientos y replanteos
Edificación y Obra Civil,EOC409_1,Operaciones auxiliares de acabados rígidos y urbanización,1,EOCB0209,Operaciones auxiliares de acabados rígidos y urbanización,EOCB0209 Operaciones auxiliares de acabados rígidos y urbanización
Edificación y Obra Civil,EOC578_1,Operaciones básicas de revestimientos ligeros y técnicos en construcción ,1,EOCJ0311,Operaciones básicas de revestimientos ligeros y técnicos en construcción,EOCJ0311 Operaciones básicas de revestimientos ligeros y técnicos en construcción
Edificación y Obra Civil,EOC580_2,Cubiertas inclinadas,2,EOCB0111,Cubiertas inclinadas,EOCB0111 Cubiertas inclinadas
Edificación y Obra Civil,EOC581_2,Encofrados,2,EOCE0211,Encofrados,EOCE0211 Encofrados
Edificación y Obra Civil,EOC582_2,Impermeabilización mediante membranas formadas con láminas,2,EOCJ0111,Impermeabilización mediante membranas formadas con láminas,EOCJ0111 Impermeabilización mediante membranas formadas con láminas
Edificación y Obra Civil,EOC583_2,Instalación de placa de yeso laminado y falsos techos,2,EOCJ0110,Instalación de placa de yeso laminado y falsos techos,EOCJ0110 Instalación de placa de yeso laminado y falsos techos
Edificación y Obra Civil,EOC584_2,"Instalación de sistemas técnicos de pavimentos, empanelados y mamparas ",2,EOCJ0211,"Instalación de sistemas técnicos de pavimentos, empanelados y mamparas","EOCJ0211 Instalación de sistemas técnicos de pavimentos, empanelados y mamparas"
Edificación y Obra Civil,EOC586_2,Pavimentos y albañilería de urbanización,2,EOCB0211,Pavimentos y albañilería de urbanización,EOCB0211 Pavimentos y albañilería de urbanización
Edificación y Obra Civil,EOC587_2,Pintura decorativa en construcción,2,EOCB0110,Pintura decorativa en construcción,EOCB0110 Pintura decorativa en construcción
Edificación y Obra Civil,EOC588_2,Pintura industrial en construcción,2,EOCB0311,Pintura industrial en construcción,EOCB0311 Pintura industrial en construcción
Edificación y Obra Civil,EOC589_2,Revestimientos con pastas y morteros en construcción,2,EOCB0210,Revestimientos con pastas y morteros en construcción,EOCB0210 Revestimientos con pastas y morteros en construcción
Edificación y Obra Civil,EOC590_2,Revestimientos con piezas rígidas por adherencia en construcción ,2,EOCB0310,Revestimientos con piezas rígidas por adherencia en construcción,EOCB0310 Revestimientos con piezas rígidas por adherencia en construcción
Edificación y Obra Civil,EOC641_3,Control de ejecución de obras civiles,3,EOCO0212,Control de ejecución de obras civiles,EOCO0212 Control de ejecución de obras civiles
Edificación y Obra Civil,EOC642_3,Control de ejecución de obras de edificación,3,EOCO0112,Control de ejecución de obras de edificación,EOCO0112 Control de ejecución de obras de edificación
Electricidad y Electrónica,ELE043_2,Montaje y mantenimiento de infraestructuras de telecomunicaciones en edificios ,2,ELES0108,Montaje y mantenimiento de infraestructuras de telecomunicaciones en edificios,ELES0108 Montaje y mantenimiento de infraestructuras de telecomunicaciones en edificios
Electricidad y Electrónica,ELE188_2,"Montaje y mantenimiento de instalaciones de megafonía, sonorización de locales y circuito cerrado de televisión ",2,ELES0109,"Montaje y mantenimiento de instalaciones de megafonía, sonorización de locales y circuito cerrado de televisión","ELES0109 Montaje y mantenimiento de instalaciones de megafonía, sonorización de locales y circuito cerrado de televisión"
Electricidad y Electrónica,ELE189_2,Montaje y mantenimiento de sistemas de telefonía e infraestructuras de redes locales de datos ,2,ELES0209,Montaje y mantenimiento de sistemas de telefonía e infraestructuras de redes locales de datos,ELES0209 Montaje y mantenimiento de sistemas de telefonía e infraestructuras de redes locales de datos
Electricidad y Electrónica,ELE255_1,Operaciones auxiliares de montaje de instalaciones electrotécnicas y de telecomunicaciones en edificios ,1,ELES0208,Operaciones auxiliares de montaje de instalaciones electrotécnicas y de telecomunicaciones en edificios,ELES0208 Operaciones auxiliares de montaje de instalaciones electrotécnicas y de telecomunicaciones en edificios
Electricidad y Electrónica,ELE256_1,Operaciones auxiliares de montaje de redes eléctricas e instalaciones de alumbrado exterior,1,ELEE0108,Operaciones auxiliares de montaje de redes eléctricas,ELEE0108 Operaciones auxiliares de montaje de redes eléctricas
Electricidad y Electrónica,ELE257_2,Montaje y mantenimiento de instalaciones eléctricas de baja tensión ,2,ELEE0109,Montaje y mantenimiento de instalaciones eléctricas de baja tensión,ELEE0109 Montaje y mantenimiento de instalaciones eléctricas de baja tensión
Electricidad y Electrónica,ELE258_3,Desarrollo de proyectos de infraestructuras de telecomunicaciones y otras redes de voz y datos en edificaciones,3,ELES0110,Desarrollo de proyectos de infraestructuras de telecomunicación y de redes de voz y datos en edificios,ELES0110 Desarrollo de proyectos de infraestructuras de telecomunicación y de redes de voz y datos en edificios
Electricidad y Electrónica,ELE259_3,Desarrollo de proyectos de instalaciones eléctricas en el entorno de edificios y con fines especiales ,3,ELEE0110,Desarrollo de proyectos de instalaciones eléctricas en el entorno de edificios y con fines especiales,ELEE0110 Desarrollo de proyectos de instalaciones eléctricas en el entorno de edificios y con fines especiales
Electricidad y Electrónica,ELE260_3,Desarrollo de proyectos de redes eléctricas de baja y alta tensión ,3,ELEE0210,Desarrollo de proyectos de redes eléctricas de baja y alta tensión ,ELEE0210 Desarrollo de proyectos de redes eléctricas de baja y alta tensión 
Electricidad y Electrónica,ELE381_3,Gestión y supervisión de la instalación y mantenimiento de sistemas de electromedicina,3,ELEQ0208,Gestión y supervisión de la instalación y mantenimiento de sistemas de electromedicina,ELEQ0208 Gestión y supervisión de la instalación y mantenimiento de sistemas de electromedicina
Electricidad y Electrónica,ELE382_3,Gestión y supervisión del montaje y mantenimiento de instalaciones eléctricas en el entorno de edificios ,3,ELEE0310,Gestión y supervisión del montaje y mantenimiento de instalaciones eléctricas en el entorno de edificios,ELEE0310 Gestión y supervisión del montaje y mantenimiento de instalaciones eléctricas en el entorno de edificios
Electricidad y Electrónica,ELE383_3,Gestión y supervisión del montaje y mantenimiento de las infraestructuras de telecomunicación y de redes de voz y datos en el entorno de edificios ,3,ELES0210,Gestión y supervisión del montaje y mantenimiento de las infraestructuras de telecomunicación y de redes de voz y datos en el entorno de edificios,ELES0210 Gestión y supervisión del montaje y mantenimiento de las infraestructuras de telecomunicación y de redes de voz y datos en el entorno de edificios
Electricidad y Electrónica,ELE385_3,Gestión y supervisión del montaje y mantenimiento de redes eléctricas de baja tensión y alumbrado exterior ,3,ELEE0610,Gestión y supervisión del montaje y mantenimiento de  redes eléctricas de baja tensión y alumbrado exterior,ELEE0610 Gestión y supervisión del montaje y mantenimiento de  redes eléctricas de baja tensión y alumbrado exterior
Electricidad y Electrónica,ELE481_1,Operaciones auxiliares de montaje y mantenimiento de equipos eléctricos y electrónicos ,1,ELEQ0111,Operaciones auxiliares de montaje y mantenimiento de equipos eléctricos y electrónicos,ELEQ0111 Operaciones auxiliares de montaje y mantenimiento de equipos eléctricos y electrónicos
Electricidad y Electrónica,ELE484_3,Desarrollo de proyectos de sistemas de automatización industrial ,3,ELEM0110,Desarrollo de proyectos de sistemas de automatización industrial,ELEM0110 Desarrollo de proyectos de sistemas de automatización industrial
Electricidad y Electrónica,ELE485_3,Gestión y supervisión del montaje y mantenimiento de equipamiento de red y estaciones base de telefonía ,3,ELES0411,Gestión y supervisión del montaje y mantenimiento de equipamiento de red y estaciones base de telefonía,ELES0411 Gestión y supervisión del montaje y mantenimiento de equipamiento de red y estaciones base de telefonía
Electricidad y Electrónica,ELE486_3,Gestión y supervisión del montaje y mantenimiento de sistemas de automatización industrial ,3,ELEM0210,Gestión y supervisión del montaje y mantenimiento de sistemas de automatización industrial,ELEM0210 Gestión y supervisión del montaje y mantenimiento de sistemas de automatización industrial
Electricidad y Electrónica,ELE487_3,Gestión y supervisión del montaje y mantenimiento de  sistemas de producción audiovisual y de radiodifusión,3,ELES0311,Gestión y supervisión del montaje y mantenimiento de  sistemas de producción audiovisual y de radiodifusión,ELES0311 Gestión y supervisión del montaje y mantenimiento de  sistemas de producción audiovisual y de radiodifusión
Electricidad y Electrónica,ELE552_3,Mantenimiento de equipos electrónicos,3,ELEQ0311,Mantenimiento de equipos electrónicos,ELEQ0311 Mantenimiento de equipos electrónicos
Electricidad y Electrónica,ELE599_2,Montaje y mantenimiento de sistemas de automatización industrial ,2,ELEM0311,Montaje y mantenimiento de sistemas de automatización industrial,ELEM0311 Montaje y mantenimiento de sistemas de automatización industrial
Energía y Agua,ENA190_2,Montaje y mantenimiento de instalaciones solares térmicas,2,ENAE0208,Montaje y mantenimiento de instalaciones solares térmicas,ENAE0208 Montaje y mantenimiento de instalaciones solares térmicas
Energía y Agua,ENA191_2,Montaje y mantenimiento de redes de agua,2,ENAT0108,Montaje y mantenimiento de redes de agua,ENAT0108 Montaje y mantenimiento de redes de agua
Energía y Agua,ENA193_3,Gestión del montaje y mantenimiento de parques eólicos,3,ENAE0408,Gestión del montaje y mantenimiento de parques eólicos,ENAE0408 Gestión del montaje y mantenimiento de parques eólicos
Energía y Agua,ENA261_2,Montaje y mantenimiento de instalaciones solares fotovoltaicas ,2,ENAE0108,Montaje y mantenimiento de instalaciones solares fotovoltaicas,ENAE0108 Montaje y mantenimiento de instalaciones solares fotovoltaicas
Energía y Agua,ENA262_3,Organización y control del montaje y mantenimiento de redes e instalaciones de agua y saneamiento,3,ENAA0109,Organización y control del montaje y mantenimiento de redes e instalaciones de agua y saneamiento,ENAA0109 Organización y control del montaje y mantenimiento de redes e instalaciones de agua y saneamiento
Energía y Agua,ENA263_3,Organización y proyectos de instalaciones solares fotovoltaicas ,3,ENAE0508,Organización y proyectos de instalaciones solares fotovoltaicas,ENAE0508 Organización y proyectos de instalaciones solares fotovoltaicas
Energía y Agua,ENA264_3,Organización y proyectos de instalaciones solares térmicas,3,ENAE0308,Organización y proyectos de instalaciones solares térmicas,ENAE0308 Organización y proyectos de instalaciones solares térmicas
Energía y Agua,ENA358_3,Eficiencia energética de edificios,3,ENAC0108,Eficiencia energética de edificios,ENAC0108 Eficiencia energética de edificios
Energía y Agua,ENA472_2,"Montaje, puesta en servicio, mantenimiento e inspección de instalaciones receptoras y aparatos de gas ",2,ENAS0110,"Montaje, puesta en servicio, mantenimiento, inspección y revisión de instalaciones receptoras y aparatos de gas","ENAS0110 Montaje, puesta en servicio, mantenimiento, inspección y revisión de instalaciones receptoras y aparatos de gas"
Energía y Agua,ENA620_1,Operaciones auxiliares en el montaje y mantenimiento de instalaciones de energías renovables,1,ENAE0111,Operaciones básicas en el montaje y mantenimiento de instalaciones de energías renovables,ENAE0111 Operaciones básicas en el montaje y mantenimiento de instalaciones de energías renovables
Energía y Agua,ENA656_3,Gestión del uso eficiente del agua,3,ENAA0112,Gestión del uso eficiente del agua,ENAA0112 Gestión del uso eficiente del agua
Fabricación Mecánica,FME031_1,Operaciones auxiliares de fabricación mecánica,1,FMEE0108,Operaciones auxiliares de fabricación mecánica,FMEE0108 Operaciones auxiliares de fabricación mecánica
Fabricación Mecánica,FME032_2,Mecanizado por arranque de viruta,2,FMEH0109,Mecanizado por arranque de viruta,FMEH0109 Mecanizado por arranque de viruta
Fabricación Mecánica,FME033_2,"Mecanizado por abrasión, electroerosión y procedimientos especiales ",2,FMEH0409,"Mecanizado por abrasión, electroerosión y procedimientos especiales","FMEH0409 Mecanizado por abrasión, electroerosión y procedimientos especiales"
Fabricación Mecánica,FME034_2,Mecanizado por corte y conformado,2,FMEH0209,Mecanizado por corte y conformado,FMEH0209 Mecanizado por corte y conformado
Fabricación Mecánica,FME037_3,Diseño de productos de fabricación mecánica,3,FMEE0308,Diseño de productos de fabricación mecánica,FMEE0308 Diseño de productos de fabricación mecánica
Fabricación Mecánica,FME187_3,"Producción en mecanizado, conformado y montaje mecánico",3,FMEM0209,"Producción en mecanizado, conformado y montaje mecánico","FMEM0209 Producción en mecanizado, conformado y montaje mecánico"
Fabricación Mecánica,FME351_2,Fabricación y montaje de instalaciones de tubería industrial,2,FMEC0108,Fabricación y montaje de instalaciones de tubería industrial,FMEC0108 Fabricación y montaje de instalaciones de tubería industrial
Fabricación Mecánica,FME352_2,Montaje y puesta en marcha de bienes de equipo y maquinaria industrial ,2,FMEE0208,Montaje y puesta en marcha de bienes de equipo y maquinaria industrial,FMEE0208 Montaje y puesta en marcha de bienes de equipo y maquinaria industrial
Fabricación Mecánica,FME354_3,Diseño de calderería y estructuras metálicas,3,FMEC0208,Diseño de calderería y estructuras metálicas,FMEC0208 Diseño de calderería y estructuras metálicas
Fabricación Mecánica,FME355_3,Diseño de tubería industrial,3,FMEC0209,Diseño de tubería industrial,FMEC0209 Diseño de tubería industrial
Fabricación Mecánica,FME356_3,Gestión de la producción en fabricación mecánica,3,FMEM0109,Gestión de la producción en fabricación mecánica,FMEM0109 Gestión de la producción en fabricación mecánica
Fabricación Mecánica,FME357_3,Producción en construcciones metálicas,3,FMEC0109,Producción en construcciones metálicas,FMEC0109 Producción en construcciones metálicas
Fabricación Mecánica,FME684_2,"Soldadura por arco bajo gas protector con electrodo consumible, soldeo “MIG/MAG”",2,FMEC0119_2,"Soldadura por arco bajo gas protector con electrodo consumible, soldeo “MIG/MAG”","FMEC0119_2 Soldadura por arco bajo gas protector con electrodo consumible, soldeo “MIG/MAG”"
Fabricación Mecánica,FME685_2,"Soldadura por arco bajo gas protector con electrodo no consumible, soldeo “TIG”.",2,FMEC0219_2,"Soldadura por arco bajo gas protector con electrodo no consumible, soldeo “TIG”.","FMEC0219_2 Soldadura por arco bajo gas protector con electrodo no consumible, soldeo “TIG”."
Fabricación Mecánica,FME686_2,Soldadura por arco con electrodo revestido,2,FMEC0319_2,Soldadura por arco con electrodo revestido,FMEC0319_2 Soldadura por arco con electrodo revestido
Hostelería y Turismo,HOT091_1,Operaciones básicas de cocina,1,HOTR0108,Operaciones básicas de cocina,HOTR0108 Operaciones básicas de cocina
Hostelería y Turismo,HOT092_1,Operaciones básicas de restaurante y bar,1,HOTR0208,Operaciones básicas de restaurante y bar,HOTR0208 Operaciones básicas de restaurante y bar
Hostelería y Turismo,HOT093_2,Cocina,2,HOTR0408,Cocina,HOTR0408 Cocina
Hostelería y Turismo,HOT094_3,Recepción,3,HOTA0308,Recepción en alojamientos,HOTA0308 Recepción en alojamientos
Hostelería y Turismo,HOT222_1,Operaciones básicas de pisos en alojamientos,1,HOTA0108,Operaciones básicas de pisos en alojamientos,HOTA0108 Operaciones básicas de pisos en alojamientos
Hostelería y Turismo,HOT223_2,Repostería,2,HOTR0509,Repostería,HOTR0509 Repostería
Hostelería y Turismo,HOT325_1,Operaciones básicas de catering,1,HOTR0308,Operaciones básicas de catering,HOTR0308 Operaciones básicas de catering
Hostelería y Turismo,HOT326_2,Alojamiento rural,2,HOTU0109,Alojamiento rural,HOTU0109 Alojamiento rural
Hostelería y Turismo,HOT332_3,Dirección y producción en cocina,3,HOTR0110,Dirección y producción en cocina,HOTR0110 Dirección y producción en cocina
Hostelería y Turismo,HOT333_3,Gestión de pisos y limpieza en alojamientos,3,HOTA0208,Gestión de pisos y limpieza en alojamientos,HOTA0208 Gestión de pisos y limpieza en alojamientos
Hostelería y Turismo,HOT336_3,Promoción turística local e información al visitante,3,HOTI0108,Promoción turística local e información al visitante,HOTI0108 Promoción turística local e información al visitante
Hostelería y Turismo,HOT337_3,"Vinos, otras bebidas y productos selectos propios de sumillería",3,HOTR0209,Sumillería,HOTR0209 Sumillería
Hostelería y Turismo,HOT414_1,Operaciones básicas de pastelería,1,HOTR0109,Operaciones básicas de pastelería,HOTR0109 Operaciones básicas de pastelería
Hostelería y Turismo,HOT679_2,"Servicios de restaurante, bar y cafetería",2,"HOTR0608
HOTR0508","Servicios de restaurante
Servicios de bar y cafeteria","HOTR0608 Servicios de restaurante
HOTR0508 Servicios de bar y cafeteria"
Imagen Personal,IMP022_1,Servicios auxiliares de peluquería,1,IMPQ0108,Servicios auxiliares de peluquería,IMPQ0108 Servicios auxiliares de peluquería
Imagen Personal,IMP023_3,Hidrotermal,3,IMPP0308,Hidrotermal,IMPP0308 Hidrotermal
Imagen Personal,IMP118_1,Servicios auxiliares de estética,1,IMPE0108,Servicios auxiliares de estética,IMPE0108 Servicios auxiliares de estética
Imagen Personal,IMP119_2,Peluquería,2,IMPQ0208,Peluquería,IMPQ0208 Peluquería
Imagen Personal,IMP120_2,"Servicios estéticos de higiene, depilación y maquillaje",2,IMPP0208,"Servicios estéticos de higiene, depilación y maquillaje","IMPP0208 Servicios estéticos de higiene, depilación y maquillaje"
Imagen Personal,IMP121_2,Cuidados estéticos de manos y pies,2,IMPP0108,Cuidados estéticos de manos y pies,IMPP0108 Cuidados estéticos de manos y pies
Imagen Personal,IMP182_3,"Bronceado, maquillaje y depilación avanzada",3,IMPE0109,"Bronceado, maquillaje y depilación avanzada","IMPE0109 Bronceado, maquillaje y depilación avanzada"
Imagen Personal,IMP248_3,Masajes estéticos y técnicas sensoriales asociadas,3,IMPE0110,Masajes estéticos y técnicas sensoriales asociadas,IMPE0110 Masajes estéticos y técnicas sensoriales asociadas
Imagen Personal,IMP249_3,Peluquería técnico-artística,3,IMPQ0109,Peluquería técnico-artística,IMPQ0109 Peluquería técnico-artística
Imagen Personal,IMP250_3,Tratamientos estéticos,3,IMPE0210,Tratamientos estéticos,IMPE0210 Tratamientos estéticos
Imagen Personal,IMP395_3,Asesoría integral de imagen personal,3,IMPE0111,Asesoría integral de imagen personal,IMPE0111 Asesoría integral de imagen personal
Imagen Personal,IMP396_3,Caracterización de personajes,3,IMPE0211,Caracterización de personajes,IMPE0211 Caracterización de personajes
Imagen Personal,IMP397_3,Tratamientos capilares estéticos,3,IMPQ0308,Tratamientos capilares estéticos,IMPQ0308 Tratamientos capilares estéticos
Imagen y Sonido,IMS074_3,Asistencia a la producción en televisión,3,IMSV0208,Asistencia a la producción en televisión,IMSV0208 Asistencia a la producción en televisión
Imagen y Sonido,IMS075_3,Luminotecnia para el espectáculo en vivo,3,IMSE0109,Luminotecnia para el espectáculo en vivo,IMSE0109 Luminotecnia para el espectáculo en vivo
Imagen y Sonido,IMS077_3,Asistencia a la realización en televisión,3,IMSD0108,Asistencia a la realización en televisión,IMSD0108 Asistencia a la realización en televisión
Imagen y Sonido,IMS220_3,Asistencia a la dirección cinematográfica y de obras audiovisuales ,3,IMSV0408,Asistencia a la dirección cinematográfica y de obras audiovisuales,IMSV0408 Asistencia a la dirección cinematográfica y de obras audiovisuales
Imagen y Sonido,IMS221_3,Asistencia a la producción cinematográfica y de obras audiovisuales ,3,IMSV0108,Asistencia a la producción cinematográfica y de obras audiovisuales,IMSV0108 Asistencia a la producción cinematográfica y de obras audiovisuales
Imagen y Sonido,IMS294_3,"Cámara de cine, vídeo y televisión",3,IMSV0308,"Cámara de cine, vídeo y televisión","IMSV0308 Cámara de cine, vídeo y televisión"
Imagen y Sonido,IMS295_3,Desarrollo de productos audiovisuales multimedia interactivos,3,IMSV0209,Desarrollo de productos audiovisuales multimedia interactivos,IMSV0209 Desarrollo de productos audiovisuales multimedia interactivos
Imagen y Sonido,IMS296_3,Montaje y postproducción de audiovisuales,3,IMSV0109,Montaje y postproducción de audiovisuales,IMSV0109 Montaje y postproducción de audiovisuales
Imagen y Sonido,IMS434_2,Animación musical y visual en vivo y en directo,2,IMSE0111,Animación musical y visual en vivo y en directo,IMSE0111 Animación musical y visual en vivo y en directo
Imagen y Sonido,IMS435_2,Operaciones de producción de laboratorio de imagen,2,IMST0110,Operaciones de producción de laboratorio de imagen,IMST0110 Operaciones de producción de laboratorio de imagen
Imagen y Sonido,IMS440_3,Producción en laboratorio de imagen,3,IMST0210,Producción en laboratorio de imagen,IMST0210 Producción en laboratorio de imagen
Imagen y Sonido,IMS441_3,Producción fotográfica,3,IMST0109,Producción fotográfica,IMST0109 Producción fotográfica
Industrias Alimentarias,INA012_2,Quesería,2,INAE0109,Quesería,INAE0109 Quesería
Industrias Alimentarias,INA013_2,Obtención de aceites de oliva,2,INAK0109,Obtención de aceites de oliva,INAK0109 Obtención de aceites de oliva
Industrias Alimentarias,INA015_2,Panadería y bollería,2,INAF0108,Panadería y bollería,INAF0108 Panadería y bollería
Industrias Alimentarias,INA016_3,Enotecnia,3,INAH0209,Enotecnia ,INAH0209 Enotecnia 
Industrias Alimentarias,INA107_2,Pastelería y confitería,2,INAF0109,Pastelería y confitería,INAF0109 Pastelería y confitería
Industrias Alimentarias,INA173_1,Operaciones auxiliares de mantenimiento y transporte interno en la industria alimentaria,1,INAQ0108,Operaciones auxiliares de mantenimiento y transporte interno en la industria alimentaria,INAQ0108 Operaciones auxiliares de mantenimiento y transporte interno en la industria alimentaria
Industrias Alimentarias,INA174_2,Elaboración de vinos y licores,2,INAH0109,Elaboración de vinos y licores,INAH0109 Elaboración de vinos y licores
Industrias Alimentarias,INA178_3,Industrias de productos de la pesca y de la acuicultura,3,INAJ0110,Industrias de productos de la pesca y de la acuicultura,INAJ0110 Industrias de productos de la pesca y de la acuicultura
Industrias Alimentarias,INA240_3,Industrias derivadas de la uva y del vino,3,INAH0110,Industrias derivadas de la uva y del vino,INAH0110 Industrias derivadas de la uva y del vino
Industrias Extractivas,IEX427_2,Colocación de piedra natural,2,IEXD0409,Colocación de piedra natural,IEXD0409 Colocación de piedra natural
Informática y Comunicaciones,IFC078_2,Sistemas microinformáticos,2,IFCT0209,Sistemas microinformáticos,IFCT0209 Sistemas microinformáticos
Informática y Comunicaciones,IFC079_3,Administración de bases de datos,3,IFCT0310,Administración de bases de datos,IFCT0310 Administración de bases de datos
Informática y Comunicaciones,IFC080_3,Programación con lenguajes orientados a objetos y bases de datos relacionales ,3,IFCD0112,Programación con lenguajes orientados a objetos y bases de datos relacionales,IFCD0112 Programación con lenguajes orientados a objetos y bases de datos relacionales
Informática y Comunicaciones,IFC152_3,Gestión de sistemas informáticos,3,IFCT0510,Gestión de sistemas informáticos,IFCT0510 Gestión de sistemas informáticos
Informática y Comunicaciones,IFC153_3,Seguridad informática,3,IFCT0109,Seguridad informática,IFCT0109 Seguridad informática
Informática y Comunicaciones,IFC154_3,Desarrollo de aplicaciones con tecnologías web,3,IFCD0210,Desarrollo de aplicaciones con tecnologías web,IFCD0210 Desarrollo de aplicaciones con tecnologías web
Informática y Comunicaciones,IFC155_3,Programación en lenguajes estructurados de aplicaciones de gestión ,3,IFCD0111,Programación en lenguajes estructurados de aplicaciones de gestión,IFCD0111 Programación en lenguajes estructurados de aplicaciones de gestión
Informática y Comunicaciones,IFC156_3,Administración de servicios de Internet,3,IFCT0509,Administración de servicios de internet,IFCT0509 Administración de servicios de internet
Informática y Comunicaciones,IFC297_2,Confección y publicación de páginas web,2,IFCD0110,Confección y publicación de páginas web,IFCD0110 Confección y publicación de páginas web
Informática y Comunicaciones,IFC298_2,Montaje y reparación de sistemas microinformáticos,2,IFCT0309,Montaje y reparación de sistemas microinformáticos,IFCT0309 Montaje y reparación de sistemas microinformáticos
Informática y Comunicaciones,IFC299_2,Operación de redes departamentales,2,IFCT0110,Operación de redes departamentales,IFCT0110 Operación de redes departamentales
Informática y Comunicaciones,IFC300_2,Operación de sistemas informáticos,2,IFCT0210,Operación de sistemas informáticos,IFCT0210 Operación de sistemas informáticos
Informática y Comunicaciones,IFC301_2,Operación en sistemas de comunicaciones de voz y datos,2,IFCM0110,Operación en sistemas de comunicaciones de voz y datos,IFCM0110 Operación en sistemas de comunicaciones de voz y datos
Informática y Comunicaciones,IFC303_3,Programación de sistemas informáticos,3,IFCT0609,Programación de sistemas informáticos,IFCT0609 Programación de sistemas informáticos
Informática y Comunicaciones,IFC361_1,Operaciones auxiliares de montaje y mantenimiento de sistemas microinformáticos,1,IFCT0108,Operaciones auxiliares de montaje y mantenimiento de sistemas microinformáticos,IFCT0108 Operaciones auxiliares de montaje y mantenimiento de sistemas microinformáticos
Informática y Comunicaciones,IFC363_3,Administración y programación en sistemas de planificación de recursos empresariales y de gestión de relaciones con clientes,3,IFCT0610,Administración y programación en sistemas de planificación de recursos empresariales y de gestión de relaciones con clientes,IFCT0610 Administración y programación en sistemas de planificación de recursos empresariales y de gestión de relaciones con clientes
Instalación y Mantenimiento,IMA040_2,Montaje y mantenimiento de instalaciones frigoríficas,2,IMAR0108,Montaje y mantenimiento de instalaciones frigoríficas,IMAR0108 Montaje y mantenimiento de instalaciones frigoríficas
Instalación y Mantenimiento,IMA041_2,Mantenimiento y montaje mecánico de equipo industrial,2,IMAQ0108,Mantenimiento y montaje mecánico de equipo industrial,IMAQ0108 Mantenimiento y montaje mecánico de equipo industrial
Instalación y Mantenimiento,IMA367_1,Operaciones auxiliares de fontanería,1,IMAI0108,Operaciones de fontanería y calefacción-climatización doméstica,IMAI0108 Operaciones de fontanería y calefacción-climatización doméstica
Instalación y Mantenimiento,IMA372_3,Desarrollo de proyectos de instalaciones frigoríficas,3,IMAR0209,Desarrollo de proyectos de instalaciones frigoríficas,IMAR0209 Desarrollo de proyectos de instalaciones frigoríficas
Instalación y Mantenimiento,IMA376_3,"Planificación, gestión y realización del mantenimiento y supervisión del montaje de instalaciones frigoríficas ",3,IMAR0309,"Planificación, gestión y realización del mantenimiento y supervisión del montaje de instalaciones frigoríficas","IMAR0309 Planificación, gestión y realización del mantenimiento y supervisión del montaje de instalaciones frigoríficas"
Instalación y Mantenimiento,IMA377_3,"Planificación, gestión y realización del mantenimiento y supervisión del montaje de maquinaria, equipo industrial y líneas automatizadas de producción",3,IMAQ0208,"Planificación, gestión y realización del mantenimiento y supervisión del montaje de maquinaria, equipo industrial y líneas automatizadas de producción","IMAQ0208 Planificación, gestión y realización del mantenimiento y supervisión del montaje de maquinaria, equipo industrial y líneas automatizadas de producción"
Instalación y Mantenimiento,IMA378_3,"Planificación, gestión y realización del mantenimiento y supervisión del montaje de redes y sistemas de distribución de fluidos ",3,IMAI0208,"Planificación, gestión y realización del mantenimiento y supervisión del montaje de redes y sistemas de distribución de fluidos","IMAI0208 Planificación, gestión y realización del mantenimiento y supervisión del montaje de redes y sistemas de distribución de fluidos"
Instalación y Mantenimiento,IMA568_2,Instalación y mantenimiento de ascensores y otros equipos fijos de elevación y transporte ,2,IMAQ0110,Instalación y mantenimiento de ascensores y otros equipos fijos de elevación y transporte,IMAQ0110 Instalación y mantenimiento de ascensores y otros equipos fijos de elevación y transporte
"Madera, Mueble y Corcho",MAM058_2,Mecanizado de madera y derivados con equipos manuales y automatizados,2,MAMR0308,Mecanizado de madera y derivados,MAMR0308 Mecanizado de madera y derivados
"Madera, Mueble y Corcho",MAM059_2,Instalación de muebles,2,MAMR0408,Instalación de muebles,MAMR0408 Instalación de muebles
"Madera, Mueble y Corcho",MAM060_2,Acabado de carpintería y mueble,2,MAMR0208,Acabado de carpintería y mueble,MAMR0208 Acabado de carpintería y mueble
"Madera, Mueble y Corcho",MAM062_2,Montaje de muebles y elementos de carpintería,2,MAMR0108,Montaje de muebles y elementos de carpintería,MAMR0108 Montaje de muebles y elementos de carpintería
"Madera, Mueble y Corcho",MAM063_3,Proyectos de carpintería y mueble,3,MAMD0309,Proyectos de carpintería y mueble,MAMD0309 Proyectos de carpintería y mueble
"Madera, Mueble y Corcho",MAM275_1,Aplicación de barnices y lacas en elementos de carpintería y mueble ,1,MAMD0109,Aplicación de barnices y lacas en elementos de carpintería y mueble,MAMD0109 Aplicación de barnices y lacas en elementos de carpintería y mueble
"Madera, Mueble y Corcho",MAM276_1,Trabajos de carpintería y mueble,1,MAMD0209,Trabajos de carpintería y mueble,MAMD0209 Trabajos de carpintería y mueble
"Madera, Mueble y Corcho",MAM277_2,Instalación de elementos de carpintería,2,MAMS0108,Instalación de elementos de carpintería,MAMS0108 Instalación de elementos de carpintería
"Madera, Mueble y Corcho",MAM423_3,Organización y gestión de la producción en industrias de carpintería y mueble,3,MAMD0110,Organización y gestión de la producción en industrias del mueble y de carpintería ,MAMD0110 Organización y gestión de la producción en industrias del mueble y de carpintería 
"Madera, Mueble y Corcho",MAM425_3,Proyectos de instalación y amueblamiento,3,MAMB0110,Proyectos de instalación y amueblamiento,MAMB0110 Proyectos de instalación y amueblamiento
Marítimo-Pesquera,MAP006_2,Manipulación y conservación en pesca y acuicultura,2,MAPN0312,Manipulación y conservación en pesca y acuicultura,MAPN0312 Manipulación y conservación en pesca y acuicultura
Marítimo-Pesquera,MAP007_2,Producción de alimento vivo,2,MAPU0409,Producción de alimento vivo,MAPU0409 Producción de alimento vivo
Marítimo-Pesquera,MAP008_2,"Engorde de peces, crustáceos y cefalópodos",2,MAPU0108,"Engorde de peces, crustáceos y cefalópodos","MAPU0108 Engorde de peces, crustáceos y cefalópodos"
Marítimo-Pesquera,MAP100_2,Engorde de moluscos bivalvos,2,MAPU0109,Engorde de moluscos bivalvos,MAPU0109 Engorde de moluscos bivalvos
Marítimo-Pesquera,MAP101_2,Producción en criadero de acuicultura,2,MAPU0110,Producción en criadero de acuicultura,MAPU0110 Producción en criadero de acuicultura
Marítimo-Pesquera,MAP170_2,Operaciones en transporte marítimo y pesca de bajura,2,MAPN0410,Operaciones en transporte marítimo y pesca de bajura,MAPN0410 Operaciones en transporte marítimo y pesca de bajura
Marítimo-Pesquera,MAP171_2,Navegación en aguas interiores y próximas a la costa,2,MAPN0510,Navegación en aguas interiores y próximas a la costa,MAPN0510 Navegación en aguas interiores y próximas a la costa
Marítimo-Pesquera,MAP232_3,Gestión de la producción de criadero en acuicultura,3,MAPU0111,Gestión de la producción de criadero en acuicultura,MAPU0111 Gestión de la producción de criadero en acuicultura
Marítimo-Pesquera,MAP233_3,Gestión de la producción de engorde en acuicultura,3,MAPU0210,Gestión de la producción de engorde en acuicultura,MAPU0210 Gestión de la producción de engorde en acuicultura
Marítimo-Pesquera,MAP495_2,Mantenimiento de instalaciones en acuicultura,2,MAPU0112,Mantenimiento de instalaciones en acuicultura,MAPU0112 Mantenimiento de instalaciones en acuicultura
Marítimo-Pesquera,MAP573_2,Mantenimiento de los equipos de un parque de pesca y de la instalación frigorífica ,2,MAPN0612,Mantenimiento de los equipos de un parque de pesca y de la instalación frigorífica,MAPN0612 Mantenimiento de los equipos de un parque de pesca y de la instalación frigorífica
Química,QUI020_3,Ensayos Microbiológicos y Biotecnológicos,3,QUIA0208,Ensayos microbiológicos y biotecnológicos,QUIA0208 Ensayos microbiológicos y biotecnológicos
Química,QUI021_3,Ensayos Físicos y Fisicoquímicos,3,QUIA0108,Ensayos físicos y fisicoquímicos,QUIA0108 Ensayos físicos y fisicoquímicos
Química,QUI110_2,Operaciones en instalaciones de energía y de servicios auxiliares ,2,QUIE0208,Operaciones en instalaciones de energía y de servicios auxiliares,QUIE0208 Operaciones en instalaciones de energía y de servicios auxiliares
Química,QUI117_3,Análisis Químico,3,QUIL0108,Análisis químico,QUIL0108 Análisis químico
Química,QUI181_3,Organización y control de procesos de química básica,3,QUIB0108,Gestión y control de planta química,QUIB0108 Gestión y control de planta química
Química,QUI247_3,Organización y control de los procesos de química transformadora ,3,QUIE0109,Organización y control de los procesos de química transformadora,QUIE0109 Organización y control de los procesos de química transformadora
Química,QUI475_2,Operaciones de movimientos y entrega de productos en la industria química ,2,QUIE0408,Operaciones de movimientos y entrega de productos en la industria química,QUIE0408 Operaciones de movimientos y entrega de productos en la industria química
Química,QUI480_3,Organización y control de procesos y realización de servicios biotecnológicos ,3,QUIE0111,Organización y control de procesos y realización de servicios biotecnológicos,QUIE0111 Organización y control de procesos y realización de servicios biotecnológicos
Seguridad y Medio Ambiente,SEA026_2,Operación de estaciones de tratamiento de aguas,2,SEAG0210,Operación de estaciones de tratamiento de aguas,SEAG0210 Operación de estaciones de tratamiento de aguas
Seguridad y Medio Ambiente,SEA027_2,Gestión de residuos,2,SEAG0108,Gestión de residuos urbanos e industriales,SEAG0108 Gestión de residuos urbanos e industriales
Seguridad y Medio Ambiente,SEA028_2,Servicios de control de plagas/organismos nocivos,2,SEAG0110,Servicios para el control de plagas,SEAG0110 Servicios para el control de plagas
Seguridad y Medio Ambiente,SEA029_2,Vigilancia y seguridad privada ,2,"SEAD0112
SEAD0212","Vigilancia, seguridad privada y protección de personas
Vigilancia, seguridad privada y protección de explosivos","SEAD0112 Vigilancia, seguridad privada y protección de personas
SEAD0212 Vigilancia, seguridad privada y protección de explosivos"
Seguridad y Medio Ambiente,SEA030_3,Control y protección del medio natural,3,SEAG0309,Control y protección del medio natural,SEAG0309 Control y protección del medio natural
Seguridad y Medio Ambiente,SEA251_3,Gestión de servicios para el control de organismos nocivos,3,SEAG0311,Gestión de servicios para el control de organismos nocivos,SEAG0311 Gestión de servicios para el control de organismos nocivos
Seguridad y Medio Ambiente,SEA252_3,Sensibilización y educación ambiental,3,SEAG0109,Interpretación y educación ambiental,SEAG0109 Interpretación y educación ambiental
Seguridad y Medio Ambiente,SEA406_1,Limpieza en espacios abiertos e instalaciones industriales,1,SEAG0209,Limpieza en espacios abiertos e instalaciones industriales,SEAG0209 Limpieza en espacios abiertos e instalaciones industriales
Seguridad y Medio Ambiente,SEA492_2,Mantenimiento higiénico-sanitario de instalaciones susceptibles de proliferación de Legionella y otros organismos nocivos y su diseminación por aerosolización,2,SEAG0212,Mantenimiento higiénico-sanitario de instalaciones susceptibles de proliferación de microorganismos nocivos y su diseminación por aerosolización,SEAG0212 Mantenimiento higiénico-sanitario de instalaciones susceptibles de proliferación de microorganismos nocivos y su diseminación por aerosolización
Seguridad y Medio Ambiente,SEA493_3,Control de la contaminación atmosférica,3,SEAG0111,Control de la contaminación atmosférica,SEAG0111 Control de la contaminación atmosférica
Seguridad y Medio Ambiente,SEA531_2,Adiestramiento de base y educación canina,2,SEAD0412,Adiestramiento de base y educación canina,SEAD0412 Adiestramiento de base y educación canina
Seguridad y Medio Ambiente,SEA536_3,Gestión y coordinación en protección civil y emergencias,3,SEAD0311,Gestión y coordinación en protección civil y emergencias,SEAD0311 Gestión y coordinación en protección civil y emergencias
Seguridad y Medio Ambiente,SEA595_2,Operaciones de vigilancia y extinción de incendios forestalesy apoyo a contingencias en el medio natural y rural,2,SEAD0411,Operaciones de vigilancia y extinción de incendios forestales y apoyo a contingencias en el medio natural y rural,SEAD0411 Operaciones de vigilancia y extinción de incendios forestales y apoyo a contingencias en el medio natural y rural
Seguridad y Medio Ambiente,SEA596_3,Coordinación de operaciones en incendios forestales y apoyo a contingencias en el medio natural y rural,3,SEAD0511,Coordinación de operaciones en incendios forestales y apoyo a contingencias en el medio natural y rural,SEAD0511 Coordinación de operaciones en incendios forestales y apoyo a contingencias en el medio natural y rural
Seguridad y Medio Ambiente,SEA597_3,Gestión ambiental,3,SEAG0211,Gestión ambiental,SEAG0211 Gestión ambiental
Seguridad y Medio Ambiente,SEA647_3,"Teleoperaciones de atención, gestión y coordinación de emergencias",3,SEAD0312,"Teleoperaciones de atención, gestión y coordinación de emergencias","SEAD0312 Teleoperaciones de atención, gestión y coordinación de emergencias"
Servicios Socioculturales y a la Comunidad,SSC089_2,Atención sociosanitaria a personas en situación de dependencia y/o con discapacidad en el domicilio,2,SSCS0108,Atención sociosanitaria a personas en el domicilio,SSCS0108 Atención sociosanitaria a personas en el domicilio
Servicios Socioculturales y a la Comunidad,SSC319_1,Limpieza de superficies y mobiliario en edificios y local,1,SSCM0108,Limpieza de superficies y mobiliario en edificios y locales,SSCM0108 Limpieza de superficies y mobiliario en edificios y locales
Servicios Socioculturales y a la Comunidad,SSC320_2,Atención sociosanitaria a personas en situación de dependencia y/o con discapacidad en instituciones sociales,2,SSCS0208,Atención sociosanitaria a personas dependientes en instituciones sociales,SSCS0208 Atención sociosanitaria a personas dependientes en instituciones sociales
Servicios Socioculturales y a la Comunidad,SSC321_3,Dinamización comunitaria,3,SSCB0109,Dinamización comunitaria,SSCB0109 Dinamización comunitaria
Servicios Socioculturales y a la Comunidad,SSC323_3,Inserción laboral de personas con discapacidad,3,SSCG0109,Inserción laboral de personas con discapacidad,SSCG0109 Inserción laboral de personas con discapacidad
Servicios Socioculturales y a la Comunidad,SSC324_3,Mediación comunitaria,3,SSCG0209,Mediación comunitaria,SSCG0209 Mediación comunitaria
Servicios Socioculturales y a la Comunidad,SSC413_1,Empleo doméstico,1,SSCI0109,Empleo doméstico,SSCI0109 Empleo doméstico
Servicios Socioculturales y a la Comunidad,SSC443_2,Gestión de teleasistencia domiciliaria,2,SSCG0111,Gestión de llamadas de teleasistencia,SSCG0111 Gestión de llamadas de teleasistencia
Servicios Socioculturales y a la Comunidad,SSC444_3,Atención al alumnado con necesidades educativas especiales (ACNEE) en centros educativos,3,SSCE0112,Atención al alumnado con necesidades educativas especiales (ACNEE) en centros educativos,SSCE0112 Atención al alumnado con necesidades educativas especiales (ACNEE) en centros educativos
Servicios Socioculturales y a la Comunidad,SSC445_3,"Dinamización, gestión de programaciones y desarrollo de acciones culturales",3,SSCB0110,"Dinamización, programación y desarrollo de acciones culturales","SSCB0110 Dinamización, programación y desarrollo de acciones culturales"
Servicios Socioculturales y a la Comunidad,SSC447_3,Mediación entre la persona sordociega y la comunidad,3,SSCG0211,Mediación entre la persona sordociega y la comunidad,SSCG0211 Mediación entre la persona sordociega y la comunidad
Servicios Socioculturales y a la Comunidad,SSC448_3,Docencia de la formación para el empleo,3,SSCE0110,"Habilitación para la Docencia en grados A, B y C del Sistema de Formación Profesional","SSCE0110 Habilitación para la Docencia en grados A, B y C del Sistema de Formación Profesional"
Servicios Socioculturales y a la Comunidad,SSC449_3,"Promoción, desarrollo y participación de la comunidad sorda",3,SSCG0112,Promoción y participación de la comunidad sorda,SSCG0112 Promoción y participación de la comunidad sorda
Servicios Socioculturales y a la Comunidad,SSC450_3,Promoción e intervención socioeducativa con personas con discapacidad ,3,SSCE0111,Promoción e intervención socioeducativa con personas con discapacidad,SSCE0111 Promoción e intervención socioeducativa con personas con discapacidad
Servicios Socioculturales y a la Comunidad,SSC451_3,Promoción para la igualdad efectiva de mujeres y hombres,3,SSCE0212,Promoción para la igualdad efectiva de mujeres y hombres,SSCE0212 Promoción para la igualdad efectiva de mujeres y hombres
Servicios Socioculturales y a la Comunidad,SSC564_2,Dinamización de actividades de tiempo libre educativo infantil y juvenil ,2,SSCB0209,Dinamización de actividades de tiempo libre educativo infantil y juvenil,SSCB0209 Dinamización de actividades de tiempo libre educativo infantil y juvenil
Servicios Socioculturales y a la Comunidad,SSC565_3,Dirección y coordinación de proyectos de tiempo libre educativo infantil y juvenil,3,SSCB0211,Dirección y coordinación de actividades de tiempo libre educativo infantil y juvenil,SSCB0211 Dirección y coordinación de actividades de tiempo libre educativo infantil y juvenil
Servicios Socioculturales y a la Comunidad,SSC567_3,Información juvenil,3,SSCE0109,Información juvenil,SSCE0109 Información juvenil
Servicios Socioculturales y a la Comunidad,SSC611_3,Prestación de servicios bibliotecarios,3,SSCB0111,Prestación de servicios bibliotecarios,SSCB0111 Prestación de servicios bibliotecarios
"Textil, Confección y Piel",TCP136_1,Operaciones auxiliares de tapizado de mobiliario y mural,1,TCPF0209,Operaciones auxiliares de tapizado de mobiliario y mural,TCPF0209 Operaciones auxiliares de tapizado de mobiliario y mural
"Textil, Confección y Piel",TCP138_1,Operaciones auxiliares de lavandería industrial y de proximidad ,1,TCPN0312,Operaciones auxiliares de lavandería industrial y de proximidad,TCPN0312 Operaciones auxiliares de lavandería industrial y de proximidad
"Textil, Confección y Piel",TCP391_2,Confección de vestuario a medida en textil y piel,2,TCPF0212,Confección de vestuario a medida en textil y piel,TCPF0212 Confección de vestuario a medida en textil y piel
"Textil, Confección y Piel",TCP471_3,Realización de vestuario para el espectáculo,3,TCPF0912,Realización de vestuario para el espectáculo,TCPF0912 Realización de vestuario para el espectáculo
Transporte y Mantenimiento de Vehículos,TMV044_2,Pintura de vehículos,2,TMVL0509,Pintura de vehículos,TMVL0509 Pintura de vehículos
Transporte y Mantenimiento de Vehículos,TMV045_2,Mantenimiento de estructuras de carrocerías de vehículos,2,TMVL0309,Mantenimiento de estructuras de carrocerías de vehículos,TMVL0309 Mantenimiento de estructuras de carrocerías de vehículos
Transporte y Mantenimiento de Vehículos,TMV046_2,Mantenimiento de elementos no estructurales de carrocerías de vehículos ,2,TMVL0209,Mantenimiento de elementos no estructurales de carrocerías de vehículos,TMVL0209 Mantenimiento de elementos no estructurales de carrocerías de vehículos
Transporte y Mantenimiento de Vehículos,TMV047_2,Mantenimiento de sistemas de transmisión de fuerza y trenesde rodaje de vehículos automóviles ,2,TMVG0309,Mantenimiento de sistemas de transmisión de fuerza y trenes de rodaje de vehículos automóviles,TMVG0309 Mantenimiento de sistemas de transmisión de fuerza y trenes de rodaje de vehículos automóviles
Transporte y Mantenimiento de Vehículos,TMV048_2,Mantenimiento del motor y sus sistemas auxiliares,2,TMVG0409,Mantenimiento del motor y sus sistemas auxiliares,TMVG0409 Mantenimiento del motor y sus sistemas auxiliares
Transporte y Mantenimiento de Vehículos,TMV049_3,Planificación y control del área de carrocería,3,TMVL0609,Planificación y control del área de carrocería,TMVL0609 Planificación y control del área de carrocería
Transporte y Mantenimiento de Vehículos,TMV050_3,Planificación y control del área de electromecánica,3,TMVG0110,Planificación y control del área de electromecánica,TMVG0110 Planificación y control del área de electromecánica
Transporte y Mantenimiento de Vehículos,TMV194_1,Operaciones auxiliares de mantenimiento de carrocería de vehículos ,1,TMVL0109,Operaciones auxiliares de mantenimiento de carrocerías de vehículos,TMVL0109 Operaciones auxiliares de mantenimiento de carrocerías de vehículos
Transporte y Mantenimiento de Vehículos,TMV195_1,Operaciones auxiliares de mantenimiento en electromecánica de vehículos ,1,TMVG0109,Operaciones auxiliares de mantenimiento en electromecánica de vehículos ,TMVG0109 Operaciones auxiliares de mantenimiento en electromecánica de vehículos 
Transporte y Mantenimiento de Vehículos,TMV197_2,Mantenimiento de los sistemas eléctricos y electrónicos de vehículos ,2,TMVG0209,Mantenimiento de los sistemas eléctricos y electrónicos de vehículos,TMVG0209 Mantenimiento de los sistemas eléctricos y electrónicos de vehículos
Transporte y Mantenimiento de Vehículos,TMV198_2,Mantenimiento de los sistemas mecánicos de material rodante ferroviario,2,TMVB0111,Mantenimiento de los sistemas mecánicos de material rodante ferroviario,TMVB0111 Mantenimiento de los sistemas mecánicos de material rodante ferroviario
Transporte y Mantenimiento de Vehículos,TMV199_2,Mantenimiento de sistemas eléctricos y electrónicos de material rodante ferroviario,2,TMVB0211,Mantenimiento de sistemas eléctricos y electrónicos de material rodante ferroviario,TMVB0211 Mantenimiento de sistemas eléctricos y electrónicos de material rodante ferroviario
Transporte y Mantenimiento de Vehículos,TMV265_2,"Mantenimiento de sistemas de rodaje y transmisión de maquinaria agrícola, de industrias extractivas y de edificación y obra civil, sus equipos y aperos",2,TMVG0210,"Mantenimiento de sistemas de rodaje y transmisión de maquinaria agrícola, de industrias extractivas y de edificación y obra civil, sus equipos y aperos","TMVG0210 Mantenimiento de sistemas de rodaje y transmisión de maquinaria agrícola, de industrias extractivas y de edificación y obra civil, sus equipos y aperos"
Transporte y Mantenimiento de Vehículos,TMV266_2,"Mantenimiento del motor y de los sistemas eléctricos, de seguridad y confortabilidad de maquinaria agrícola, de industrias extractivas y de edificación y obra civil ",2,TMVG0310,"Mantenimiento del motor y de los sistemas eléctricos, de seguridad y confortabilidad de maquinaria agrícola, de industrias extractivas y de edificación y obra civil","TMVG0310 Mantenimiento del motor y de los sistemas eléctricos, de seguridad y confortabilidad de maquinaria agrícola, de industrias extractivas y de edificación y obra civil"
Transporte y Mantenimiento de Vehículos,TMV453_1,Operaciones auxiliares de mantenimiento de sistemas y equipos de embarcaciones deportivas y de recreo,1,TMVU0110,Operaciones auxiliares de mantenimiento de sistemas y equipos de embarcaciones deportivas y de recreo ,TMVU0110 Operaciones auxiliares de mantenimiento de sistemas y equipos de embarcaciones deportivas y de recreo 
Transporte y Mantenimiento de Vehículos,TMV454_2,Conducción de autobuses,2,TMVI0108,Conducción de autobuses,TMVI0108 Conducción de autobuses
Transporte y Mantenimiento de Vehículos,TMV456_2,Conducción profesional de vehículos turismos y furgonetas,2,TMVI0112,Conducción profesional de vehículos turismos y furgonetas,TMVI0112 Conducción profesional de vehículos turismos y furgonetas
Transporte y Mantenimiento de Vehículos,TMV554_2,Mantenimiento e instalación de sistemas eléctricos y electrónicos de embarcaciones deportivas y de recreo ,2,TMVU0212,Mantenimiento e instalación de sistemas eléctricos y electrónicos de embarcaciones deportivas y de recreo,TMVU0212 Mantenimiento e instalación de sistemas eléctricos y electrónicos de embarcaciones deportivas y de recreo
Transporte y Mantenimiento de Vehículos,TMV555_2,"Mantenimiento de la planta propulsora, máquinas y equipos auxiliares de embarcaciones deportivas y de recreo ",2,TMVU0112,"Mantenimiento de la planta propulsora, máquinas y equipos auxiliares de embarcaciones deportivas","TMVU0112 Mantenimiento de la planta propulsora, máquinas y equipos auxiliares de embarcaciones deportivas"
Transporte y Mantenimiento de Vehículos,TMV556_2,Operaciones de mantenimiento de elementos de madera de embarcaciones deportivas y de recreo ,2,TMVU0211,Operaciones de mantenimiento de elementos de madera de embarcaciones deportivas y de recreo,TMVU0211 Operaciones de mantenimiento de elementos de madera de embarcaciones deportivas y de recreo
Transporte y Mantenimiento de Vehículos,TMV557_2,"Pintura, reparación y construcción de elementos de plástico reforzado con fibra de embarcaciones deportivas y de recreo   ",2,TMVU0111,"Pintura, reparación y construcción de elementos de plástico reforzado con fibra de embarcaciones deportivas y de recreo","TMVU0111 Pintura, reparación y construcción de elementos de plástico reforzado con fibra de embarcaciones deportivas y de recreo"
Transporte y Mantenimiento de Vehículos,TMV605_3,Organización y supervisión del mantenimiento de los sistemas y equipos de embarcaciones deportivas y de recreo ,3,TMVU0312,Organización y supervisión del mantenimiento de los sistemas y equipos de embarcaciones deportivas y de recreo,TMVU0312 Organización y supervisión del mantenimiento de los sistemas y equipos de embarcaciones deportivas y de recreo
