Familia profesional,Código QP,Cualificación profesional,Código y cualificación,Nivel
Actividades Físicas y Deportivas,AFD500_1,Operaciones  auxiliares en la organización de actividades y funcionamiento de instalaciones deportivas,AFD500_1 Operaciones  auxiliares en la organización de actividades y funcionamiento de instalaciones deportivas,1
Actividades Físicas y Deportivas,AFD096_2,Socorrismo en instalaciones acuáticas,AFD096_2 Socorrismo en instalaciones acuáticas,2
Actividades Físicas y Deportivas,AFD159_2,Guía por itinerarios de baja y media montaña,AFD159_2 Guía por itinerarios de baja y media montaña,2
Actividades Físicas y Deportivas,AFD160_2,Guía por itinerarios en bicicleta y vehículos de movilidad personal,AFD160_2 Guía por itinerarios en bicicleta y vehículos de movilidad personal,2
Actividades Físicas y Deportivas,AFD340_2,Socorrismo en espacios acuáticos naturales,AFD340_2 Socorrismo en espacios acuáticos naturales,2
Actividades Físicas y Deportivas,AFD097_3,Acondicionamiento físico en sala de entrenamiento polivalente,AFD097_3 Acondicionamiento físico en sala de entrenamiento polivalente,3
Actividades Físicas y Deportivas,AFD162_3,Acondicionamiento físico en grupo con soporte musical,AFD162_3 Acondicionamiento físico en grupo con soporte musical,3
Actividades Físicas y Deportivas,AFD341_3,Actividades de natación,AFD341_3 Actividades de natación,3
Actividades Físicas y Deportivas,AFD509_3,Animación físico-deportiva y recreativa,AFD509_3 Animación físico-deportiva y recreativa,3
Actividades Físicas y Deportivas,AFD510_3,Animación físico-deportiva y recreativa para personas con discapacidad,AFD510_3 Animación físico-deportiva y recreativa para personas con discapacidad,3
Actividades Físicas y Deportivas,AFD511_3,Acondicionamiento físico en el medio acuático,AFD511_3 Acondicionamiento físico en el medio acuático,3
Actividades Físicas y Deportivas,AFD539_3,Coordinación de servicios de socorrismo en instalaciones y espacios naturales acuáticos,AFD539_3 Coordinación de servicios de socorrismo en instalaciones y espacios naturales acuáticos,3
Actividades Físicas y Deportivas,AFD616_3,Instrucción en yoga,AFD616_3 Instrucción en yoga,3
Administración y Gestión,ADG305_1,Operaciones auxiliares de servicios administrativos y generales,ADG305_1 Operaciones auxiliares de servicios administrativos y generales,1
Administración y Gestión,ADG306_1,Operaciones de grabación y tratamiento de datos y documentos,ADG306_1 Operaciones de grabación y tratamiento de datos y documentos,1
Administración y Gestión,ADG307_2,Actividades administrativas de recepción y relación con el cliente,ADG307_2 Actividades administrativas de recepción y relación con el cliente,2
Administración y Gestión,ADG308_2,Actividades de gestión administrativa,ADG308_2 Actividades de gestión administrativa,2
Administración y Gestión,ADG082_3,Gestión contable y de auditoría,ADG082_3 Gestión contable y de auditoría,3
Administración y Gestión,ADG084_3,Administración de recursos humanos,ADG084_3 Administración de recursos humanos,3
Administración y Gestión,ADG157_3,Gestión financiera,ADG157_3 Gestión financiera,3
Administración y Gestión,ADG309_3,Asistencia a la dirección,ADG309_3 Asistencia a la dirección,3
Administración y Gestión,ADG310_3,Asistencia documental y de gestión en despachos y oficinas,ADG310_3 Asistencia documental y de gestión en despachos y oficinas,3
Administración y Gestión,ADG543_3,Asistencia en la gestión de los procedimientos tributarios,ADG543_3 Asistencia en la gestión de los procedimientos tributarios,3
Administración y Gestión,ADG544_3,Creación y gestión de microempresas,ADG544_3 Creación y gestión de microempresas,3
Agraria,AGA163_1,Actividades auxiliares en agricultura,AGA163_1 Actividades auxiliares en agricultura,1
Agraria,AGA164_1,"Actividades auxiliares en viveros, jardines y centros de jardinería","AGA164_1 Actividades auxiliares en viveros, jardines y centros de jardinería",1
Agraria,AGA224_1,Actividades auxiliares en ganadería,AGA224_1 Actividades auxiliares en ganadería,1
Agraria,AGA342_1,Actividades auxiliares en floristería,AGA342_1 Actividades auxiliares en floristería,1
Agraria,AGA398_1,Actividades auxiliares en aprovechamientos forestales,AGA398_1 Actividades auxiliares en aprovechamientos forestales,1
Agraria,AGA399_1,Actividades auxiliares en conservación y mejora de montes,AGA399_1 Actividades auxiliares en conservación y mejora de montes,1
Agraria,AGA002_2,Producción porcina intensiva,AGA002_2 Producción porcina intensiva,2
Agraria,AGA165_2,Cultivos herbáceos,AGA165_2 Cultivos herbáceos,2
Agraria,AGA166_2,Cultivos leñosos,AGA166_2 Cultivos leñosos,2
Agraria,AGA167_2,Horticultura y floricultura,AGA167_2 Horticultura y floricultura,2
Agraria,AGA168_2,Instalación y mantenimiento de jardines y zonas verdes,AGA168_2 Instalación y mantenimiento de jardines y zonas verdes,2
Agraria,AGA225_2,Agricultura ecológica,AGA225_2 Agricultura ecológica,2
Agraria,AGA227_2,Ganadería ecológica,AGA227_2 Ganadería ecológica,2
Agraria,AGA343_2,Aprovechamientos forestales,AGA343_2 Aprovechamientos forestales,2
Agraria,AGA345_2,Repoblaciones forestales y tratamientos silvícolas,AGA345_2 Repoblaciones forestales y tratamientos silvícolas,2
Agraria,AGA457_2,Actividades de floristería,AGA457_2 Actividades de floristería,2
Agraria,AGA458_2,Mantenimiento y mejora del hábitat cinegético-piscícola,AGA458_2 Mantenimiento y mejora del hábitat cinegético-piscícola,2
Agraria,AGA460_2,Producción de semillas y plantas en vivero,AGA460_2 Producción de semillas y plantas en vivero,2
Agraria,AGA546_2,Apicultura,AGA546_2 Apicultura,2
Agraria,AGA624_2,"Cuidados de animales salvajes, de zoológicos y acuarios","AGA624_2 Cuidados de animales salvajes, de zoológicos y acuarios",2
Agraria,AGA683_2,Producción intensiva de bovinos,AGA683_2 Producción intensiva de bovinos,2
Agraria,AGA703_2,Producción avícola,AGA703_2 Producción avícola,2
Agraria,AGA704_2,Producción cunícula,AGA704_2 Producción cunícula,2
Agraria,AGA003_3,Jardinería y restauración del paisaje,AGA003_3 Jardinería y restauración del paisaje,3
Agraria,AGA169_3,Cría de caballos,AGA169_3 Cría de caballos,3
Agraria,AGA228_3,Gestión de repoblaciones forestales y de tratamientos silvícolas,AGA228_3 Gestión de repoblaciones forestales y de tratamientos silvícolas,3
Agraria,AGA346_3,Gestión de la instalación y mantenimiento de céspedes en campos deportivos,AGA346_3 Gestión de la instalación y mantenimiento de céspedes en campos deportivos,3
Agraria,AGA347_3,Gestión de la producción agrícola,AGA347_3 Gestión de la producción agrícola,3
Agraria,AGA348_3,Gestión y mantenimiento de árboles y palmeras ornamentales,AGA348_3 Gestión y mantenimiento de árboles y palmeras ornamentales,3
Agraria,AGA461_3,Arte floral y gestión de las actividades de floristería,AGA461_3 Arte floral y gestión de las actividades de floristería,3
Agraria,AGA462_3,Gestión de aprovechamientos forestales,AGA462_3 Gestión de aprovechamientos forestales,3
Agraria,AGA464_3,Gestión de la producción de semillas y plantas en vivero,AGA464_3 Gestión de la producción de semillas y plantas en vivero,3
Agraria,AGA465_3,Gestión de la producción ganadera,AGA465_3 Gestión de la producción ganadera,3
Agraria,AGA466_3 ,Gestión de los aprovechamientos cinegético-piscícolas,AGA466_3  Gestión de los aprovechamientos cinegético-piscícolas,3
Agraria,AGA488_3,Asistencia a la atención clínica en centros veterinarios,AGA488_3 Asistencia a la atención clínica en centros veterinarios,3
Agraria,AGA625_3,Asistencia a la gestión y control sanitario de animales de granja y producción,AGA625_3 Asistencia a la gestión y control sanitario de animales de granja y producción,3
Artes Gráficas,ARG072_2,Impresión en offset,ARG072_2 Impresión en offset,2
Artes Gráficas,ARG151_2,Impresión digital,ARG151_2 Impresión digital,2
Artes Gráficas,ARG288_2,Imposición y obtención de la forma impresora,ARG288_2 Imposición y obtención de la forma impresora,2
Artes Gráficas,ARG291_2,Tratamiento y maquetación de elementos gráficos en preimpresión,ARG291_2 Tratamiento y maquetación de elementos gráficos en preimpresión,2
Artes Gráficas,ARG417_2,Impresión en flexografía,ARG417_2 Impresión en flexografía,2
Artes Gráficas,ARG418_2,Impresión en huecograbado,ARG418_2 Impresión en huecograbado,2
Artes Gráficas,ARG419_2,Impresión en serigrafía y tampografía,ARG419_2 Impresión en serigrafía y tampografía,2
Artes Gráficas,ARG219_3,Diseño de productos gráficos,ARG219_3 Diseño de productos gráficos,3
Artes Gráficas,ARG292_3,Asistencia a la edición,ARG292_3 Asistencia a la edición,3
Artes Gráficas,ARG513_3,Gestión de la producción en encuadernación industrial,ARG513_3 Gestión de la producción en encuadernación industrial,3
Artes Gráficas,ARG514_3,Gestión de la producción en procesos de impresión,ARG514_3 Gestión de la producción en procesos de impresión,3
Artes Gráficas,ARG515_3,Gestión de la producción en procesos de preimpresión,ARG515_3 Gestión de la producción en procesos de preimpresión,3
Artes Gráficas,ARG516_3,"Gestión de la producción en transformados de papel, cartón y otros soportes gráficos","ARG516_3 Gestión de la producción en transformados de papel, cartón y otros soportes gráficos",3
Comercio y Marketing,COM411_1,Actividades auxiliares de almacén,COM411_1 Actividades auxiliares de almacén,1
Comercio y Marketing,COM412_1,Actividades auxiliares de comercio,COM412_1 Actividades auxiliares de comercio,1
Comercio y Marketing,COM085_2,Actividades de venta,COM085_2 Actividades de venta,2
Comercio y Marketing,COM631_2,Actividades de gestión del pequeño comercio,COM631_2 Actividades de gestión del pequeño comercio,2
Comercio y Marketing,COM086_3,Gestión administrativa y financiera del comercio internacional,COM086_3 Gestión administrativa y financiera del comercio internacional,3
Comercio y Marketing,COM087_3,"Atención al cliente, consumidor o usuario","COM087_3 Atención al cliente, consumidor o usuario",3
Comercio y Marketing,COM088_3,Tráfico de mercancías por carretera,COM088_3 Tráfico de mercancías por carretera,3
Comercio y Marketing,COM158_3,Implantación y animación de espacios comerciales,COM158_3 Implantación y animación de espacios comerciales,3
Comercio y Marketing,COM312_3,Asistencia a la investigación de mercados,COM312_3 Asistencia a la investigación de mercados,3
Comercio y Marketing,COM313_3,Control y formación en consumo,COM313_3 Control y formación en consumo,3
Comercio y Marketing,COM314_3,Gestión comercial de ventas,COM314_3 Gestión comercial de ventas,3
Comercio y Marketing,COM315_3,Gestión y control del aprovisionamiento,COM315_3 Gestión y control del aprovisionamiento,3
Comercio y Marketing,COM316_3,Marketing y compraventa internacional,COM316_3 Marketing y compraventa internacional,3
Comercio y Marketing,COM317_3,Organización del transporte y la distribución,COM317_3 Organización del transporte y la distribución,3
Comercio y Marketing,COM318_3,Organización y gestión de almacenes,COM318_3 Organización y gestión de almacenes,3
Comercio y Marketing,COM623_3,Tráfico de viajeros por carretera,COM623_3 Tráfico de viajeros por carretera,3
Comercio y Marketing,COM650_3,Gestión comercial inmobiliaria,COM650_3 Gestión comercial inmobiliaria,3
Comercio y Marketing,COM651_3,Gestión comercial y financiera del transporte por carretera,COM651_3 Gestión comercial y financiera del transporte por carretera,3
Comercio y Marketing,COM652_3,Gestión de marketing y comunicación,COM652_3 Gestión de marketing y comunicación,3
Comercio y Marketing,COM707_3,Dinamización de redes sociales y estrategia de contenidos digitales,COM707_3 Dinamización de redes sociales y estrategia de contenidos digitales,3
Edificación y Obra Civil,EOC271_1,Operaciones auxiliares de albañilería de fábricas y cubiertas,EOC271_1 Operaciones auxiliares de albañilería de fábricas y cubiertas,1
Edificación y Obra Civil,EOC272_1,Operaciones auxiliares de revestimientos continuos en construcción,EOC272_1 Operaciones auxiliares de revestimientos continuos en construcción,1
Edificación y Obra Civil,EOC409_1,Operaciones auxiliares de acabados rígidos y urbanización,EOC409_1 Operaciones auxiliares de acabados rígidos y urbanización,1
Edificación y Obra Civil,EOC578_1,Operaciones básicas de revestimientos ligeros y técnicos en construcción,EOC578_1 Operaciones básicas de revestimientos ligeros y técnicos en construcción,1
Edificación y Obra Civil,EOC052_2,Fábricas de albañilería,EOC052_2 Fábricas de albañilería,2
Edificación y Obra Civil,EOC580_2,Cubiertas inclinadas,EOC580_2 Cubiertas inclinadas,2
Edificación y Obra Civil,EOC581_2,Encofrados,EOC581_2 Encofrados,2
Edificación y Obra Civil,EOC582_2,Impermeabilización mediante membranas formadas con láminas,EOC582_2 Impermeabilización mediante membranas formadas con láminas,2
Edificación y Obra Civil,EOC583_2,Instalación de placa de yeso laminado y falsos techos,EOC583_2 Instalación de placa de yeso laminado y falsos techos,2
Edificación y Obra Civil,EOC584_2,"Instalación de sistemas técnicos de pavimentos, empanelados y mamparas","EOC584_2 Instalación de sistemas técnicos de pavimentos, empanelados y mamparas",2
Edificación y Obra Civil,EOC586_2,Pavimentos y albañilería de urbanización,EOC586_2 Pavimentos y albañilería de urbanización,2
Edificación y Obra Civil,EOC587_2,Pintura decorativa en construcción,EOC587_2 Pintura decorativa en construcción,2
Edificación y Obra Civil,EOC588_2,Pintura industrial en construcción,EOC588_2 Pintura industrial en construcción,2
Edificación y Obra Civil,EOC589_2,Revestimientos con pastas y morteros en construcción,EOC589_2 Revestimientos con pastas y morteros en construcción,2
Edificación y Obra Civil,EOC590_2,Revestimientos con piezas rígidas por adherencia en construcción,EOC590_2 Revestimientos con piezas rígidas por adherencia en construcción,2
Edificación y Obra Civil,EOC201_3,Representación de proyectos de edificación,EOC201_3 Representación de proyectos de edificación,3
Edificación y Obra Civil,EOC202_3,Representación de proyectos de obra civil,EOC202_3 Representación de proyectos de obra civil,3
Edificación y Obra Civil,EOC273_3,Control de proyectos y obras de construcción,EOC273_3 Control de proyectos y obras de construcción,3
Edificación y Obra Civil,EOC274_3,Levantamientos y replanteos,EOC274_3 Levantamientos y replanteos,3
Edificación y Obra Civil,EOC641_3,Control de ejecución de obras civiles,EOC641_3 Control de ejecución de obras civiles,3
Edificación y Obra Civil,EOC642_3,Control de ejecución de obras de edificación,EOC642_3 Control de ejecución de obras de edificación,3
Electricidad y Electrónica,ELE255_1,Operaciones auxiliares de montaje de instalaciones electrotécnicas y de telecomunicaciones en edificios,ELE255_1 Operaciones auxiliares de montaje de instalaciones electrotécnicas y de telecomunicaciones en edificios,1
Electricidad y Electrónica,ELE256_1,Operaciones auxiliares de montaje de redes eléctricas e instalaciones de alumbrado exterior,ELE256_1 Operaciones auxiliares de montaje de redes eléctricas e instalaciones de alumbrado exterior,1
Electricidad y Electrónica,ELE481_1,Operaciones auxiliares de montaje y mantenimiento de equipos eléctricos y electrónicos,ELE481_1 Operaciones auxiliares de montaje y mantenimiento de equipos eléctricos y electrónicos,1
Electricidad y Electrónica,ELE043_2,Montaje y mantenimiento de infraestructuras de telecomunicaciones en edificios,ELE043_2 Montaje y mantenimiento de infraestructuras de telecomunicaciones en edificios,2
Electricidad y Electrónica,ELE188_2,"Montaje y mantenimiento de instalaciones de megafonía, sonorización de locales y circuito cerrado de televisión","ELE188_2 Montaje y mantenimiento de instalaciones de megafonía, sonorización de locales y circuito cerrado de televisión",2
Electricidad y Electrónica,ELE189_2,Montaje y mantenimiento de sistemas de telefonía e infraestructuras de redes locales de datos,ELE189_2 Montaje y mantenimiento de sistemas de telefonía e infraestructuras de redes locales de datos,2
Electricidad y Electrónica,ELE257_2,Montaje y mantenimiento de instalaciones eléctricas de baja tensión,ELE257_2 Montaje y mantenimiento de instalaciones eléctricas de baja tensión,2
Electricidad y Electrónica,ELE599_2,Montaje y mantenimiento de sistemas de automatización industrial,ELE599_2 Montaje y mantenimiento de sistemas de automatización industrial,2
Electricidad y Electrónica,ELE258_3,Desarrollo de proyectos de infraestructuras de telecomunicaciones y otras redes de voz y datos en edificaciones,ELE258_3 Desarrollo de proyectos de infraestructuras de telecomunicaciones y otras redes de voz y datos en edificaciones,3
Electricidad y Electrónica,ELE259_3,Desarrollo de proyectos de instalaciones eléctricas en el entorno de edificios y con finesespeciales,ELE259_3 Desarrollo de proyectos de instalaciones eléctricas en el entorno de edificios y con finesespeciales,3
Electricidad y Electrónica,ELE260_3,Desarrollo de proyectos de redes eléctricas de baja y alta tensión,ELE260_3 Desarrollo de proyectos de redes eléctricas de baja y alta tensión,3
Electricidad y Electrónica,ELE381_3,Gestión y supervisión de la instalación y mantenimiento de sistemas de electromedicina,ELE381_3 Gestión y supervisión de la instalación y mantenimiento de sistemas de electromedicina,3
Electricidad y Electrónica,ELE382_3,Gestión y supervisión del montaje y mantenimiento de instalaciones eléctricas en el entorno de edificios,ELE382_3 Gestión y supervisión del montaje y mantenimiento de instalaciones eléctricas en el entorno de edificios,3
Electricidad y Electrónica,ELE383_3,Gestión y supervisión del montaje y mantenimiento de las infraestructuras de telecomunicación y de redes de voz y datos en el entorno de edificios,ELE383_3 Gestión y supervisión del montaje y mantenimiento de las infraestructuras de telecomunicación y de redes de voz y datos en el entorno de edificios,3
Electricidad y Electrónica,ELE385_3,Gestión y supervisión del montaje y mantenimiento de  redes eléctricas de baja tensión y alumbrado exterior,ELE385_3 Gestión y supervisión del montaje y mantenimiento de  redes eléctricas de baja tensión y alumbrado exterior,3
Electricidad y Electrónica,ELE484_3,Desarrollo de proyectos de sistemas de automatización industrial,ELE484_3 Desarrollo de proyectos de sistemas de automatización industrial,3
Electricidad y Electrónica,ELE485_3,Gestión y supervisión del montaje y mantenimiento de equipamiento de red y estaciones base de telefonía,ELE485_3 Gestión y supervisión del montaje y mantenimiento de equipamiento de red y estaciones base de telefonía,3
Electricidad y Electrónica,ELE486_3,Gestión y supervisión del montaje y mantenimiento de sistemas de automatización industrial,ELE486_3 Gestión y supervisión del montaje y mantenimiento de sistemas de automatización industrial,3
Electricidad y Electrónica,ELE487_3,Gestión y supervisión del montaje y mantenimiento de  sistemas de producción audiovisual y de radiodifusión,ELE487_3 Gestión y supervisión del montaje y mantenimiento de  sistemas de producción audiovisual y de radiodifusión,3
Electricidad y Electrónica,ELE552_3,Mantenimiento de equipos electrónicos,ELE552_3 Mantenimiento de equipos electrónicos,3
Electricidad y Electrónica,ELE786_3,Gestión y supervisión del montaje y mantenimiento de instalaciones de alta tensión,ELE786_3 Gestión y supervisión del montaje y mantenimiento de instalaciones de alta tensión,3
Electricidad y Electrónica,ELE812_3,"Implantación y mantenimiento de sistemas domóticos, inmóticos y de control de accesos, presencia y videovigilancia","ELE812_3 Implantación y mantenimiento de sistemas domóticos, inmóticos y de control de accesos, presencia y videovigilancia",3
Electricidad y Electrónica,ELE813_3,Desarrollo de proyectos y gestión de sistemas de robótica colaborativa,ELE813_3 Desarrollo de proyectos y gestión de sistemas de robótica colaborativa,3
Energía y Agua,ENA620_1,Operaciones auxiliares en el montaje y mantenimiento de instalaciones de energías renovables,ENA620_1 Operaciones auxiliares en el montaje y mantenimiento de instalaciones de energías renovables,1
Energía y Agua,ENA190_2,Montaje y mantenimiento de instalaciones solares térmicas,ENA190_2 Montaje y mantenimiento de instalaciones solares térmicas,2
Energía y Agua,ENA191_2,Montaje y mantenimiento de redes de agua,ENA191_2 Montaje y mantenimiento de redes de agua,2
Energía y Agua,ENA261_2,Montaje y mantenimiento de instalaciones solares fotovoltaicas,ENA261_2 Montaje y mantenimiento de instalaciones solares fotovoltaicas,2
Energía y Agua,ENA472_2,"Montaje, puesta en servicio, mantenimiento, inspección y revisión de instalaciones receptoras y aparatos de gas","ENA472_2 Montaje, puesta en servicio, mantenimiento, inspección y revisión de instalaciones receptoras y aparatos de gas",2
Energía y Agua,ENA193_3,Gestión del montaje y mantenimiento de parques eólicos,ENA193_3 Gestión del montaje y mantenimiento de parques eólicos,3
Energía y Agua,ENA262_3,Organización y control del montaje y mantenimiento de redes e instalaciones de agua y saneamiento,ENA262_3 Organización y control del montaje y mantenimiento de redes e instalaciones de agua y saneamiento,3
Energía y Agua,ENA263_3,Organización y proyectos de instalaciones solares fotovoltaicas,ENA263_3 Organización y proyectos de instalaciones solares fotovoltaicas,3
Energía y Agua,ENA264_3,Organización y proyectos de instalaciones solares térmicas,ENA264_3 Organización y proyectos de instalaciones solares térmicas,3
Energía y Agua,ENA358_3,Eficiencia energética de edificios,ENA358_3 Eficiencia energética de edificios,3
Energía y Agua,ENA656_3 ,Gestión del uso eficiente del agua,ENA656_3  Gestión del uso eficiente del agua,3
Energía y Agua,ENA739_3,Auditoría energética,ENA739_3 Auditoría energética,3
Fabricación Mecánica,FME031_1,Operaciones auxiliares de fabricación mecánica,FME031_1 Operaciones auxiliares de fabricación mecánica,1
Fabricación Mecánica,FME032_2,Mecanizado por arranque de viruta,FME032_2 Mecanizado por arranque de viruta,2
Fabricación Mecánica,FME033_2,"Mecanizado por abrasión, electroerosión y procedimientos especiales","FME033_2 Mecanizado por abrasión, electroerosión y procedimientos especiales",2
Fabricación Mecánica,FME034_2,Mecanizado por corte y conformado,FME034_2 Mecanizado por corte y conformado,2
Fabricación Mecánica,FME350_2,"Calderería, carpintería y montaje de construcciones metálicas","FME350_2 Calderería, carpintería y montaje de construcciones metálicas",2
Fabricación Mecánica,FME351_2,Fabricación y montaje de instalaciones de tubería industrial,FME351_2 Fabricación y montaje de instalaciones de tubería industrial,2
Fabricación Mecánica,FME352_2,Montaje y puesta en marcha de bienes de equipo y maquinaria industrial,FME352_2 Montaje y puesta en marcha de bienes de equipo y maquinaria industrial,2
Fabricación Mecánica,FME684_2,"Soldadura por arco bajo gas protector con electrodo consumible, soldeo ""MIG/MAG""","FME684_2 Soldadura por arco bajo gas protector con electrodo consumible, soldeo ""MIG/MAG""",2
Fabricación Mecánica,FME685_2,"Soldadura por arco bajo gas protector con electrodo no consumible, soldeo ""TIG""","FME685_2 Soldadura por arco bajo gas protector con electrodo no consumible, soldeo ""TIG""",2
Fabricación Mecánica,FME686_2,Soldadura por arco con electrodo revestido,FME686_2 Soldadura por arco con electrodo revestido,2
Fabricación Mecánica,FME037_3,Diseño de productos de fabricación mecánica,FME037_3 Diseño de productos de fabricación mecánica,3
Fabricación Mecánica,FME187_3,"Producción en mecanizado, conformado y montaje mecánico","FME187_3 Producción en mecanizado, conformado y montaje mecánico",3
Fabricación Mecánica,FME354_3,Diseño de calderería y estructuras metálicas,FME354_3 Diseño de calderería y estructuras metálicas,3
Fabricación Mecánica,FME355_3,Diseño de tubería industrial,FME355_3 Diseño de tubería industrial,3
Fabricación Mecánica,FME356_3,Gestión de la producción en fabricación mecánica,FME356_3 Gestión de la producción en fabricación mecánica,3
Fabricación Mecánica,FME357_3,Producción en construcciones metálicas,FME357_3 Producción en construcciones metálicas,3
Hostelería y Turismo,HOT091_1,Operaciones básicas de cocina,HOT091_1 Operaciones básicas de cocina,1
Hostelería y Turismo,HOT092_1,Operaciones básicas de restaurante y bar,HOT092_1 Operaciones básicas de restaurante y bar,1
Hostelería y Turismo,HOT222_1,Operaciones básicas de pisos en alojamientos,HOT222_1 Operaciones básicas de pisos en alojamientos,1
Hostelería y Turismo,HOT325_1,Operaciones básicas de catering,HOT325_1 Operaciones básicas de catering,1
Hostelería y Turismo,HOT414_1,Operaciones básicas de pastelería,HOT414_1 Operaciones básicas de pastelería,1
Hostelería y Turismo,HOT093_2,Cocina,HOT093_2 Cocina,2
Hostelería y Turismo,HOT223_2,Repostería,HOT223_2 Repostería,2
Hostelería y Turismo,HOT326_2,Alojamiento rural,HOT326_2 Alojamiento rural,2
Hostelería y Turismo,HOT679_2,"Servicios de restaurante, bar y cafetería","HOT679_2 Servicios de restaurante, bar y cafetería",2
Hostelería y Turismo,HOT094_3,Recepción,HOT094_3 Recepción,3
Hostelería y Turismo,HOT332_3,Dirección y producción en cocina,HOT332_3 Dirección y producción en cocina,3
Hostelería y Turismo,HOT333_3,Gestión de pisos y limpieza en alojamientos,HOT333_3 Gestión de pisos y limpieza en alojamientos,3
Hostelería y Turismo,HOT335_3,Guía de turismo,HOT335_3 Guía de turismo,3
Hostelería y Turismo,HOT336_3,Promoción turística local e información al visitante,HOT336_3 Promoción turística local e información al visitante,3
Hostelería y Turismo,HOT337_3,"Vinos, otras bebidas y productos selectos propios de sumillería","HOT337_3 Vinos, otras bebidas y productos selectos propios de sumillería",3
Hostelería y Turismo,HOT680_3,Gestión de procesos en servicios de restauración,HOT680_3 Gestión de procesos en servicios de restauración,3
Hostelería y Turismo,HOT772_3,Gestión de productos turísticos,HOT772_3 Gestión de productos turísticos,3
Imagen Personal,IMP022_1,Servicios auxiliares de peluquería,IMP022_1 Servicios auxiliares de peluquería,1
Imagen Personal,IMP118_1,Servicios auxiliares de estética,IMP118_1 Servicios auxiliares de estética,1
Imagen Personal,IMP119_2,Peluquería,IMP119_2 Peluquería,2
Imagen Personal,IMP120_2,"Servicios estéticos de higiene, depilación y maquillaje","IMP120_2 Servicios estéticos de higiene, depilación y maquillaje",2
Imagen Personal,IMP121_2,Cuidados estéticos de manos y pies,IMP121_2 Cuidados estéticos de manos y pies,2
Imagen Personal,IMP023_3,Hidrotermal,IMP023_3 Hidrotermal,3
Imagen Personal,IMP182_3,"Bronceado, maquillaje y depilación avanzada","IMP182_3 Bronceado, maquillaje y depilación avanzada",3
Imagen Personal,IMP248_3,Masajes estéticos y técnicas sensoriales asociadas,IMP248_3 Masajes estéticos y técnicas sensoriales asociadas,3
Imagen Personal,IMP249_3,Peluquería técnico-artística,IMP249_3 Peluquería técnico-artística,3
Imagen Personal,IMP250_3,Tratamientos estéticos,IMP250_3 Tratamientos estéticos,3
Imagen Personal,IMP395_3,Asesoría integral de imagen personal,IMP395_3 Asesoría integral de imagen personal,3
Imagen Personal,IMP396_3,Caracterización de personajes,IMP396_3 Caracterización de personajes,3
Imagen Personal,IMP397_3,Tratamientos capilares estéticos,IMP397_3 Tratamientos capilares estéticos,3
Imagen Personal,IMP799_3,Micropigmentación,IMP799_3 Micropigmentación,3
Imagen y Sonido,IMS434_2,Animación musical y visual en vivo y en directo,IMS434_2 Animación musical y visual en vivo y en directo,2
Imagen y Sonido,IMS435_2,Operaciones de producción de laboratorio de imagen,IMS435_2 Operaciones de producción de laboratorio de imagen,2
Imagen y Sonido,IMS436_2,Operaciones de sonido,IMS436_2 Operaciones de sonido,2
Imagen y Sonido,IMS074_3,Asistencia a la producción en televisión,IMS074_3 Asistencia a la producción en televisión,3
Imagen y Sonido,IMS075_3,Luminotecnia para el espectáculo en vivo,IMS075_3 Luminotecnia para el espectáculo en vivo,3
Imagen y Sonido,IMS076_3,Animación 2D Y 3D,IMS076_3 Animación 2D Y 3D,3
Imagen y Sonido,IMS077_3,Asistencia a la realización en televisión,IMS077_3 Asistencia a la realización en televisión,3
Imagen y Sonido,IMS220_3,Asistencia a la dirección cinematográfica y de obras audiovisuales,IMS220_3 Asistencia a la dirección cinematográfica y de obras audiovisuales,3
Imagen y Sonido,IMS221_3,Asistencia a la producción cinematográfica y de obras audiovisuales,IMS221_3 Asistencia a la producción cinematográfica y de obras audiovisuales,3
Imagen y Sonido,IMS294_3,"Cámara de cine, vídeo y televisión","IMS294_3 Cámara de cine, vídeo y televisión",3
Imagen y Sonido,IMS295_3,Desarrollo de productos audiovisuales multimedia interactivos,IMS295_3 Desarrollo de productos audiovisuales multimedia interactivos,3
Imagen y Sonido,IMS296_3,Montaje y postproducción de audiovisuales,IMS296_3 Montaje y postproducción de audiovisuales,3
Imagen y Sonido,IMS437_3,Asistencia a la producción de espectáculos en vivo y eventos,IMS437_3 Asistencia a la producción de espectáculos en vivo y eventos,3
Imagen y Sonido,IMS438_3,"Desarrollo de proyectos y control de sonido en audiovisuales, radio e industria discográfica","IMS438_3 Desarrollo de proyectos y control de sonido en audiovisuales, radio e industria discográfica",3
Imagen y Sonido,IMS439_3,Desarrollo de proyectos y control de sonido en vivo y en instalaciones fijas,IMS439_3 Desarrollo de proyectos y control de sonido en vivo y en instalaciones fijas,3
Imagen y Sonido,IMS440_3,Producción en laboratorio de imagen,IMS440_3 Producción en laboratorio de imagen,3
Imagen y Sonido,IMS441_3,Producción fotográfica,IMS441_3 Producción fotográfica,3
Imagen y Sonido,IMS442_3,Regiduría de espectáculos en vivo y eventos,IMS442_3 Regiduría de espectáculos en vivo y eventos,3
Industrias Alimentarias,INA173_1,Operaciones auxiliares de mantenimiento y transporte interno en la industria alimentaria,INA173_1 Operaciones auxiliares de mantenimiento y transporte interno en la industria alimentaria,1
Industrias Alimentarias,INA012_2,Quesería,INA012_2 Quesería,2
Industrias Alimentarias,INA013_2,Obtención de aceites de oliva,INA013_2 Obtención de aceites de oliva,2
Industrias Alimentarias,INA015_2,Panadería y bollería,INA015_2 Panadería y bollería,2
Industrias Alimentarias,INA107_2,Pastelería y confitería,INA107_2 Pastelería y confitería,2
Industrias Alimentarias,INA174_2,Elaboración de vinos y licores,INA174_2 Elaboración de vinos y licores,2
Industrias Alimentarias,INA016_3,Enotecnia,INA016_3 Enotecnia,3
Industrias Alimentarias,INA178_3,Industrias de productos de la pesca y de la acuicultura,INA178_3 Industrias de productos de la pesca y de la acuicultura,3
Industrias Alimentarias,INA240_3,Industrias derivadas de la uva y del vino,INA240_3 Industrias derivadas de la uva y del vino,3
Industrias Extractivas,IEX427_2,Colocación de piedra natural,IEX427_2 Colocación de piedra natural,2
Informática y Comunicaciones,IFC361_1,Operaciones auxiliares de montaje y mantenimiento de sistemas microinformáticos,IFC361_1 Operaciones auxiliares de montaje y mantenimiento de sistemas microinformáticos,1
Informática y Comunicaciones,IFC078_2,Sistemas microinformáticos,IFC078_2 Sistemas microinformáticos,2
Informática y Comunicaciones,IFC297_2,Confección y publicación de páginas web,IFC297_2 Confección y publicación de páginas web,2
Informática y Comunicaciones,IFC298_2,Montaje y reparación de sistemas microinformáticos,IFC298_2 Montaje y reparación de sistemas microinformáticos,2
Informática y Comunicaciones,IFC299_2,Operación de redes departamentales,IFC299_2 Operación de redes departamentales,2
Informática y Comunicaciones,IFC300_2,Operación de sistemas informáticos,IFC300_2 Operación de sistemas informáticos,2
Informática y Comunicaciones,IFC079_3,Administración de bases de datos,IFC079_3 Administración de bases de datos,3
Informática y Comunicaciones,IFC080_3,Programación con lenguajes orientados a objetos y bases de datos relacionales,IFC080_3 Programación con lenguajes orientados a objetos y bases de datos relacionales,3
Informática y Comunicaciones,IFC152_3,Gestión de sistemas informáticos,IFC152_3 Gestión de sistemas informáticos,3
Informática y Comunicaciones,IFC153_3,Seguridad informática,IFC153_3 Seguridad informática,3
Informática y Comunicaciones,IFC154_3,Desarrollo de aplicaciones con tecnologías web,IFC154_3 Desarrollo de aplicaciones con tecnologías web,3
Informática y Comunicaciones,IFC155_3,Programación en lenguajes estructurados de aplicaciones de gestión,IFC155_3 Programación en lenguajes estructurados de aplicaciones de gestión,3
Informática y Comunicaciones,IFC156_3,Administración de servicios de Internet,IFC156_3 Administración de servicios de Internet,3
Informática y Comunicaciones,IFC301_2,Operación en sistemas de comunicaciones de voz y datos,IFC301_2 Operación en sistemas de comunicaciones de voz y datos,3
Informática y Comunicaciones,IFC303_3,Programación de sistemas informáticos,IFC303_3 Programación de sistemas informáticos,3
Informática y Comunicaciones,IFC363_3,Administración y programación en sistemas de planificación de recursos empresariales y de gestión de relaciones con clientes,IFC363_3 Administración y programación en sistemas de planificación de recursos empresariales y de gestión de relaciones con clientes,3
Instalación y Mantenimiento,IMA367_1,Operaciones auxiliares de fontanería,IMA367_1 Operaciones auxiliares de fontanería,1
Instalación y Mantenimiento,IMA040_2,Montaje y mantenimiento de instalaciones frigoríficas,IMA040_2 Montaje y mantenimiento de instalaciones frigoríficas,2
Instalación y Mantenimiento,IMA041_2,Mantenimiento y montaje mecánico de equipo industrial,IMA041_2 Mantenimiento y montaje mecánico de equipo industrial,2
Instalación y Mantenimiento,IMA568_2,Instalación y mantenimiento de ascensores y otros equipos fijos de elevación y transporte,IMA568_2 Instalación y mantenimiento de ascensores y otros equipos fijos de elevación y transporte,2
Instalación y Mantenimiento,IMA801_2,Montaje y mantenimiento de instalaciones térmicas en edificios,IMA801_2 Montaje y mantenimiento de instalaciones térmicas en edificios,2
Instalación y Mantenimiento,IMA372_3,Desarrollo de proyectos de instalaciones frigoríficas,IMA372_3 Desarrollo de proyectos de instalaciones frigoríficas,3
Instalación y Mantenimiento,IMA376_3,"Planificación, gestión y realización del mantenimiento y supervisión del montaje de instalaciones frigoríficas","IMA376_3 Planificación, gestión y realización del mantenimiento y supervisión del montaje de instalaciones frigoríficas",3
Instalación y Mantenimiento,IMA377_3,"Planificación, gestión y realización del mantenimiento y supervisión del montaje de maquinaria, equipo industrial y líneas automatizadas de producción","IMA377_3 Planificación, gestión y realización del mantenimiento y supervisión del montaje de maquinaria, equipo industrial y líneas automatizadas de producción",3
Instalación y Mantenimiento,IMA378_3,"Planificación, gestión y realización del mantenimiento y supervisión del montaje de redes y sistemas de distribución de fluidos","IMA378_3 Planificación, gestión y realización del mantenimiento y supervisión del montaje de redes y sistemas de distribución de fluidos",3
Instalación y Mantenimiento,IMA790_3,Metodología de trabajo colaborativa para el modelado y gestión de información de proyectos de construcción (BIM),IMA790_3 Metodología de trabajo colaborativa para el modelado y gestión de información de proyectos de construcción (BIM),3
Instalación y Mantenimiento,IMA824_3,Desarrollo de proyectos de instalaciones térmicas,IMA824_3 Desarrollo de proyectos de instalaciones térmicas,3
Instalación y Mantenimiento,IMA825_3,Supervisión del montaje y mantenimiento de instalaciones térmicas,IMA825_3 Supervisión del montaje y mantenimiento de instalaciones térmicas,3
"Madera, Mueble y Corcho",MAM275_1,Aplicación de barnices y lacas en elementos de carpintería y mueble,MAM275_1 Aplicación de barnices y lacas en elementos de carpintería y mueble,1
"Madera, Mueble y Corcho",MAM276_1,Trabajos de carpintería y mueble,MAM276_1 Trabajos de carpintería y mueble,1
"Madera, Mueble y Corcho",MAM058_2,Mecanizado de madera y derivados con equipos manuales y automatizados,MAM058_2 Mecanizado de madera y derivados con equipos manuales y automatizados,2
"Madera, Mueble y Corcho",MAM059_2,Instalación de muebles,MAM059_2 Instalación de muebles,2
"Madera, Mueble y Corcho",MAM060_2,Acabado de carpintería y mueble,MAM060_2 Acabado de carpintería y mueble,2
"Madera, Mueble y Corcho",MAM062_2,Montaje de muebles y elementos de carpintería,MAM062_2 Montaje de muebles y elementos de carpintería,2
"Madera, Mueble y Corcho",MAM277_2,Instalación de elementos de carpintería,MAM277_2 Instalación de elementos de carpintería,2
"Madera, Mueble y Corcho",MAM063_3,Proyectos de carpintería y mueble,MAM063_3 Proyectos de carpintería y mueble,3
"Madera, Mueble y Corcho",MAM423_3,Organización y gestión de la producción en industrias de carpintería y mueble,MAM423_3 Organización y gestión de la producción en industrias de carpintería y mueble,3
"Madera, Mueble y Corcho",MAM425_3,Proyectos de instalación y amueblamiento,MAM425_3 Proyectos de instalación y amueblamiento,3
Marítimo-Pesquera,MAP006_2,Manipulación y conservación en pesca y acuicultura,MAP006_2 Manipulación y conservación en pesca y acuicultura,2
Marítimo-Pesquera,MAP007_2,Producción de alimento vivo,MAP007_2 Producción de alimento vivo,2
Marítimo-Pesquera,MAP008_2,"Engorde de peces, crustáceos y cefalópodos","MAP008_2 Engorde de peces, crustáceos y cefalópodos",2
Marítimo-Pesquera,MAP009_2,"Operaciones con equipos de buceo, en instalaciones de suministro y cámaras hiperbáricas","MAP009_2 Operaciones con equipos de buceo, en instalaciones de suministro y cámaras hiperbáricas",2
Marítimo-Pesquera,MAP010_2,"Operaciones subacuáticas de corte y soldadura, reparación en obra viva y reflotamiento","MAP010_2 Operaciones subacuáticas de corte y soldadura, reparación en obra viva y reflotamiento",2
Marítimo-Pesquera,MAP011_2,Operaciones subacuáticas de obra hidráulica y voladura,MAP011_2 Operaciones subacuáticas de obra hidráulica y voladura,2
Marítimo-Pesquera,MAP100_2,Engorde de moluscos bivalvos,MAP100_2 Engorde de moluscos bivalvos,2
Marítimo-Pesquera,MAP101_2,Producción en criadero de acuicultura,MAP101_2 Producción en criadero de acuicultura,2
Marítimo-Pesquera,MAP170_2,Operaciones en transporte marítimo y pesca de bajura,MAP170_2 Operaciones en transporte marítimo y pesca de bajura,2
Marítimo-Pesquera,MAP171_2,Navegación en aguas interiores y próximas a la costa,MAP171_2 Navegación en aguas interiores y próximas a la costa,2
Marítimo-Pesquera,MAP231_2,Pesca local,MAP231_2 Pesca local,2
Marítimo-Pesquera,MAP495_2,Mantenimiento de instalaciones en acuicultura,MAP495_2 Mantenimiento de instalaciones en acuicultura,2
Marítimo-Pesquera,MAP573_2,Mantenimiento de los equipos de un parque de pesca y de la instalación frigorífica,MAP573_2 Mantenimiento de los equipos de un parque de pesca y de la instalación frigorífica,2
Marítimo-Pesquera,MAP591_2,Navegación y pesca marítima,MAP591_2 Navegación y pesca marítima,2
Marítimo-Pesquera,MAP592_2,"Operaciones de control del funcionamiento y mantenimiento de la planta propulsora, máquinas y equipos auxiliares del buque","MAP592_2 Operaciones de control del funcionamiento y mantenimiento de la planta propulsora, máquinas y equipos auxiliares del buque",2
Marítimo-Pesquera,MAP232_3,Gestión de la producción de criadero en acuicultura,MAP232_3 Gestión de la producción de criadero en acuicultura,3
Marítimo-Pesquera,MAP233_3,Gestión de la producción de engorde en acuicultura,MAP233_3 Gestión de la producción de engorde en acuicultura,3
Marítimo-Pesquera,MAP234_3,"Navegación, transporte marítimo y actividades pesqueras","MAP234_3 Navegación, transporte marítimo y actividades pesqueras",3
Marítimo-Pesquera,MAP594_3,"Control del funcionamiento y supervisión del mantenimiento de la planta propulsora, máquinas y equipos auxiliares del buque","MAP594_3 Control del funcionamiento y supervisión del mantenimiento de la planta propulsora, máquinas y equipos auxiliares del buque",3
Química,QUI110_2,Operaciones en instalaciones de energía y de servicios auxiliares,QUI110_2 Operaciones en instalaciones de energía y de servicios auxiliares,2
Química,QUI475_2,Operaciones de movimientos y entrega de productos en la industria química,QUI475_2 Operaciones de movimientos y entrega de productos en la industria química,2
Química,QUI020_3,Ensayos Microbiológicos y Biotecnológicos,QUI020_3 Ensayos Microbiológicos y Biotecnológicos,3
Química,QUI021_3,Ensayos Físicos y Fisicoquímicos,QUI021_3 Ensayos Físicos y Fisicoquímicos,3
Química,QUI117_3,Análisis Químico,QUI117_3 Análisis Químico,3
Química,QUI181_3,Organización y control de procesos de química básica,QUI181_3 Organización y control de procesos de química básica,3
Química,QUI247_3,Organización y control de los procesos de química transformadora,QUI247_3 Organización y control de los procesos de química transformadora,3
Química,QUI480_3,Organización y control de procesos y realización de servicios biotecnológicos.,QUI480_3 Organización y control de procesos y realización de servicios biotecnológicos.,3
Química,QUI778_3,Control de la fabricación de productos farmacéuticos y afines,QUI778_3 Control de la fabricación de productos farmacéuticos y afines,3
Seguridad y Medio Ambiente,SEA406_1,Limpieza en espacios abiertos e instalaciones industriales,SEA406_1 Limpieza en espacios abiertos e instalaciones industriales,1
Seguridad y Medio Ambiente,SEA702_1,"Acopio, clasificación y almacenamiento inicial de residuos","SEA702_1 Acopio, clasificación y almacenamiento inicial de residuos",1
Seguridad y Medio Ambiente,SEA026_2,Operación de estaciones de tratamiento de aguas,SEA026_2 Operación de estaciones de tratamiento de aguas,2
Seguridad y Medio Ambiente,SEA027_2,Gestión de residuos,SEA027_2 Gestión de residuos,2
Seguridad y Medio Ambiente,SEA028_2,Servicios de control de plagas/organismos nocivos,SEA028_2 Servicios de control de plagas/organismos nocivos,2
Seguridad y Medio Ambiente,SEA029_2,Vigilancia y seguridad privada,SEA029_2 Vigilancia y seguridad privada,2
Seguridad y Medio Ambiente,SEA130_2,"Guarderío rural, cinegético y marítimo","SEA130_2 Guarderío rural, cinegético y marítimo",2
Seguridad y Medio Ambiente,SEA492_2,Mantenimiento higiénico-sanitario de instalaciones susceptibles de proliferación de Legionella y otros organismos nocivos y su diseminación por aerosolización,SEA492_2 Mantenimiento higiénico-sanitario de instalaciones susceptibles de proliferación de Legionella y otros organismos nocivos y su diseminación por aerosolización,2
Seguridad y Medio Ambiente,SEA531_2,Adiestramiento de base y educación canina,SEA531_2 Adiestramiento de base y educación canina,2
Seguridad y Medio Ambiente,SEA595_2,Operaciones de vigilancia y extinción de incendios forestales y apoyo a contingencias en el medio natural y rural,SEA595_2 Operaciones de vigilancia y extinción de incendios forestales y apoyo a contingencias en el medio natural y rural,2
Seguridad y Medio Ambiente,SEA676_2,"Prevención, extinción de incendios y salvamento","SEA676_2 Prevención, extinción de incendios y salvamento",2
Seguridad y Medio Ambiente,SEA757_2,Mantenimiento de piscinas y otras instalaciones acuáticas,SEA757_2 Mantenimiento de piscinas y otras instalaciones acuáticas,2
Seguridad y Medio Ambiente,SEA030_3,Control y protección del medio natural,SEA030_3 Control y protección del medio natural,3
Seguridad y Medio Ambiente,SEA251_3,Gestión de servicios para el control de organismos nocivos,SEA251_3 Gestión de servicios para el control de organismos nocivos,3
Seguridad y Medio Ambiente,SEA252_3,Sensibilización y educación ambiental,SEA252_3 Sensibilización y educación ambiental,3
Seguridad y Medio Ambiente,SEA493_3,Control de la contaminación atmosférica,SEA493_3 Control de la contaminación atmosférica,3
Seguridad y Medio Ambiente,SEA536_3,Gestión y coordinación en protección civil y emergencias,SEA536_3 Gestión y coordinación en protección civil y emergencias,3
Seguridad y Medio Ambiente,SEA596_3,Coordinación de operaciones en incendios forestales y apoyo a contingencias en el medio natural y rural,SEA596_3 Coordinación de operaciones en incendios forestales y apoyo a contingencias en el medio natural y rural,3
Seguridad y Medio Ambiente,SEA597_3,Gestión ambiental,SEA597_3 Gestión ambiental,3
Seguridad y Medio Ambiente,SEA647_3,"Teleoperaciones de atención, gestión y coordinación de emergencias","SEA647_3 Teleoperaciones de atención, gestión y coordinación de emergencias",3
Servicios Socioculturales y a la Comunidad,SSC319_1,Limpieza de superficies y mobiliario en edificios y local,SSC319_1 Limpieza de superficies y mobiliario en edificios y local,1
Servicios Socioculturales y a la Comunidad,SSC413_1,Empleo doméstico,SSC413_1 Empleo doméstico,1
Servicios Socioculturales y a la Comunidad,SSC089_2,Atención sociosanitaria a personas en situación de dependencia y/o con discapacidad en el domicilio,SSC089_2 Atención sociosanitaria a personas en situación de dependencia y/o con discapacidad en el domicilio,2
Servicios Socioculturales y a la Comunidad,SSC320_2,Atención sociosanitaria a personas en situación de dependencia y/o con discapacidad en instituciones sociales,SSC320_2 Atención sociosanitaria a personas en situación de dependencia y/o con discapacidad en instituciones sociales,2
Servicios Socioculturales y a la Comunidad,SSC443_2,Gestión de teleasistencia domiciliaria,SSC443_2 Gestión de teleasistencia domiciliaria,2
Servicios Socioculturales y a la Comunidad,SSC564_2,Dinamización de actividades de tiempo libre educativo infantil y juvenil,SSC564_2 Dinamización de actividades de tiempo libre educativo infantil y juvenil,2
Servicios Socioculturales y a la Comunidad,SSC090_3,Educación de habilidades de autonomía personal y social,SSC090_3 Educación de habilidades de autonomía personal y social,3
Servicios Socioculturales y a la Comunidad,SSC321_3,Dinamización comunitaria,SSC321_3 Dinamización comunitaria,3
Servicios Socioculturales y a la Comunidad,SSC322_3,Educación infantil,SSC322_3 Educación infantil,3
Servicios Socioculturales y a la Comunidad,SSC323_3,Inserción laboral de personas con discapacidad,SSC323_3 Inserción laboral de personas con discapacidad,3
Servicios Socioculturales y a la Comunidad,SSC324_3,Mediación comunitaria,SSC324_3 Mediación comunitaria,3
Servicios Socioculturales y a la Comunidad,SSC444_3,Atención al alumnado con necesidades educativas especiales (ACNEE) en centros educativos,SSC444_3 Atención al alumnado con necesidades educativas especiales (ACNEE) en centros educativos,3
Servicios Socioculturales y a la Comunidad,SSC445_3,"Dinamización, gestión de programaciones y desarrollo de acciones culturales","SSC445_3 Dinamización, gestión de programaciones y desarrollo de acciones culturales",3
Servicios Socioculturales y a la Comunidad,SSC447_3,Mediación entre la persona sordociega y la comunidad,SSC447_3 Mediación entre la persona sordociega y la comunidad,3
Servicios Socioculturales y a la Comunidad,SSC448_3,Docencia de la formación para el empleo,SSC448_3 Docencia de la formación para el empleo,3
Servicios Socioculturales y a la Comunidad,SSC449_3,"Promoción, desarrollo y participación de la comunidad sorda","SSC449_3 Promoción, desarrollo y participación de la comunidad sorda",3
Servicios Socioculturales y a la Comunidad,SSC450_3,Promoción e intervención socioeducativa con personas con discapacidad,SSC450_3 Promoción e intervención socioeducativa con personas con discapacidad,3
Servicios Socioculturales y a la Comunidad,SSC451_3,Promoción para la igualdad efectiva de mujeres y hombres,SSC451_3 Promoción para la igualdad efectiva de mujeres y hombres,3
Servicios Socioculturales y a la Comunidad,SSC565_3,Dirección y coordinación de proyectos de tiempo libre educativo infantil y juvenil,SSC565_3 Dirección y coordinación de proyectos de tiempo libre educativo infantil y juvenil,3
Servicios Socioculturales y a la Comunidad,SSC566_3,Docencia de formación vial,SSC566_3 Docencia de formación vial,3
Servicios Socioculturales y a la Comunidad,SSC567_3,Información juvenil,SSC567_3 Información juvenil,3
Servicios Socioculturales y a la Comunidad,SSC611_3,Prestación de servicios bibliotecarios,SSC611_3 Prestación de servicios bibliotecarios,3
"Textil, Confección y Piel",TCP136_1,Operaciones auxiliares de tapizado de mobiliario y mural,TCP136_1 Operaciones auxiliares de tapizado de mobiliario y mural,1
"Textil, Confección y Piel",TCP138_1,Operaciones auxiliares de lavandería industrial y de proximidad,TCP138_1 Operaciones auxiliares de lavandería industrial y de proximidad,1
"Textil, Confección y Piel",TCP693_1,Operaciones básicas de confección.,TCP693_1 Operaciones básicas de confección.,1
"Textil, Confección y Piel",TCP391_2,Confección de vestuario a medida en textil y piel,TCP391_2 Confección de vestuario a medida en textil y piel,2
"Textil, Confección y Piel",TCP694_2,Corte para confección.,TCP694_2 Corte para confección.,2
"Textil, Confección y Piel",TCP695_2,Corte para calzado y marroquinería,TCP695_2 Corte para calzado y marroquinería,2
"Textil, Confección y Piel",TCP149_3,"Gestión de producción y calidad en confección, calzado y marroquinería.","TCP149_3 Gestión de producción y calidad en confección, calzado y marroquinería.",3
"Textil, Confección y Piel",TCP150_3,"Diseño técnico de productos de confección, calzado y marroquinería.","TCP150_3 Diseño técnico de productos de confección, calzado y marroquinería.",3
"Textil, Confección y Piel",TCP470_3,Realización de vestuario a medida en textil y piel,TCP470_3 Realización de vestuario a medida en textil y piel,3
"Textil, Confección y Piel",TCP471_3,Realización de vestuario para el espectáculo,TCP471_3 Realización de vestuario para el espectáculo,3
"Textil, Confección y Piel",TCP697_3,Patronaje para confección.,TCP697_3 Patronaje para confección.,3
Transporte y Mantenimiento de Vehículos,TMV194_1,Operaciones auxiliares de mantenimiento de carrocería de vehículos,TMV194_1 Operaciones auxiliares de mantenimiento de carrocería de vehículos,1
Transporte y Mantenimiento de Vehículos,TMV195_1,Operaciones auxiliares de mantenimiento en electromecánica de vehículos,TMV195_1 Operaciones auxiliares de mantenimiento en electromecánica de vehículos,1
Transporte y Mantenimiento de Vehículos,TMV452_1,Actividades auxiliares de mantenimiento de elementos estructuralesy de recubrimiento de superficies de embarcaciones deportivas y de recreo,TMV452_1 Actividades auxiliares de mantenimiento de elementos estructuralesy de recubrimiento de superficies de embarcaciones deportivas y de recreo,1
Transporte y Mantenimiento de Vehículos,TMV453_1,Operaciones auxiliares de mantenimiento de sistemas y equipos de embarcaciones deportivas y de recreo,TMV453_1 Operaciones auxiliares de mantenimiento de sistemas y equipos de embarcaciones deportivas y de recreo,1
Transporte y Mantenimiento de Vehículos,TMV044_2,Pintura de vehículos,TMV044_2 Pintura de vehículos,2
Transporte y Mantenimiento de Vehículos,TMV045_2,Mantenimiento de estructuras de carrocerías de vehículos,TMV045_2 Mantenimiento de estructuras de carrocerías de vehículos,2
Transporte y Mantenimiento de Vehículos,TMV046_2,Mantenimiento de elementos no estructurales de carrocerías de vehículos,TMV046_2 Mantenimiento de elementos no estructurales de carrocerías de vehículos,2
Transporte y Mantenimiento de Vehículos,TMV047_2,Mantenimiento de sistemas de transmisión de fuerza y trenes de rodaje de vehículos automóviles,TMV047_2 Mantenimiento de sistemas de transmisión de fuerza y trenes de rodaje de vehículos automóviles,2
Transporte y Mantenimiento de Vehículos,TMV048_2,Mantenimiento del motor y sus sistemas auxiliares,TMV048_2 Mantenimiento del motor y sus sistemas auxiliares,2
Transporte y Mantenimiento de Vehículos,TMV197_2,Mantenimiento de los sistemas eléctricos y electrónicos de vehículos,TMV197_2 Mantenimiento de los sistemas eléctricos y electrónicos de vehículos,2
Transporte y Mantenimiento de Vehículos,TMV198_2,Mantenimiento de los sistemas mecánicos de material rodante ferroviario,TMV198_2 Mantenimiento de los sistemas mecánicos de material rodante ferroviario,2
Transporte y Mantenimiento de Vehículos,TMV199_2,Mantenimiento de sistemas eléctricos y electrónicos de material rodante ferroviario,TMV199_2 Mantenimiento de sistemas eléctricos y electrónicos de material rodante ferroviario,2
Transporte y Mantenimiento de Vehículos,TMV265_2,"Mantenimiento de sistemas de rodaje y transmisión de maquinaria agrícola, de industrias extractivas y de edificación y obra civil, sus equipos y aperos","TMV265_2 Mantenimiento de sistemas de rodaje y transmisión de maquinaria agrícola, de industrias extractivas y de edificación y obra civil, sus equipos y aperos",2
Transporte y Mantenimiento de Vehículos,TMV266_2,"Mantenimiento del motor y de los sistemas eléctricos, de seguridad y confortabilidad de maquinaria agrícola, de industrias extractivas y de edificación y obra civil","TMV266_2 Mantenimiento del motor y de los sistemas eléctricos, de seguridad y confortabilidad de maquinaria agrícola, de industrias extractivas y de edificación y obra civil",2
Transporte y Mantenimiento de Vehículos,TMV454_2,Conducción de autobuses,TMV454_2 Conducción de autobuses,2
Transporte y Mantenimiento de Vehículos,TMV456_2,Conducción profesional de vehículos turismos y furgonetas,TMV456_2 Conducción profesional de vehículos turismos y furgonetas,2
Transporte y Mantenimiento de Vehículos,TMV554_2,Mantenimiento e instalación de sistemas eléctricos y electrónicos de embarcaciones deportivas y de recreo,TMV554_2 Mantenimiento e instalación de sistemas eléctricos y electrónicos de embarcaciones deportivas y de recreo,2
Transporte y Mantenimiento de Vehículos,TMV555_2,"Mantenimiento de la planta propulsora, máquinas y equipos auxiliares de embarcaciones deportivas y de recreo","TMV555_2 Mantenimiento de la planta propulsora, máquinas y equipos auxiliares de embarcaciones deportivas y de recreo",2
Transporte y Mantenimiento de Vehículos,TMV556_2,Operaciones de mantenimiento de elementos de madera de embarcaciones deportivas y de recreo,TMV556_2 Operaciones de mantenimiento de elementos de madera de embarcaciones deportivas y de recreo,2
Transporte y Mantenimiento de Vehículos,TMV557_2,"Pintura, reparación y construcción de elementos de plástico reforzado con fibra de embarcaciones deportivas y de recreo","TMV557_2 Pintura, reparación y construcción de elementos de plástico reforzado con fibra de embarcaciones deportivas y de recreo",2
Transporte y Mantenimiento de Vehículos,TMV049_3,Planificación y control del área de carrocería,TMV049_3 Planificación y control del área de carrocería,3
Transporte y Mantenimiento de Vehículos,TMV050_3,Planificación y control del área de electromecánica,TMV050_3 Planificación y control del área de electromecánica,3
Transporte y Mantenimiento de Vehículos,TMV605_3,Organización y supervisión del mantenimiento de los sistemas y equipos de embarcaciones deportivas y de recreo,TMV605_3 Organización y supervisión del mantenimiento de los sistemas y equipos de embarcaciones deportivas y de recreo,3
